mac;name
51:35:F7:00:00:00 ;Group address (multicast MAC address)
49:75:03:00:00:00 ;Group address (multicast MAC address)
6A:E9:FD:00:00:00 ;Locally administered MAC address
4C:05:A9:00:00:00 ;
CA:00:9A:00:00:00 ;Locally administered MAC address
EE:6D:F8:00:00:00 ;Locally administered MAC address
1B:B1:23:00:00:00 ;Group address (multicast MAC address)
74:C2:88:00:00:00 ;
6A:E2:C4:00:00:00 ;Locally administered MAC address
7C:81:CD:00:00:00 ;
F4:09:BE:00:00:00 ;
4E:7A:85:00:00:00 ;Locally administered MAC address
7A:4C:05:00:00:00 ;Locally administered MAC address
E4:AA:5D:00:00:00 ;Cisco Systems, Inc 
46:61:AC:00:00:00 ;Locally administered MAC address
14:91:82:00:00:00 ;Belkin International Inc. 
62:F4:F3:00:00:00 ;Locally administered MAC address
00:1C:7F:00:00:00 ;Check Point Software Technologies 
A6:97:61:00:00:00 ;Locally administered MAC address
D0:53:EA:00:00:00 ;
04:F5:E7:00:00:00 ;
08:11:D3:00:00:00 ;
34:36:3B:00:00:00 ;Apple, Inc. 
9A:CE:8D:00:00:00 ;Locally administered MAC address
AC:1F:09:00:00:00 ;shenzhen RAKwireless technology Co.,Ltd 
3A:5E:87:00:00:00 ;Locally administered MAC address
4E:BE:A2:00:00:00 ;Locally administered MAC address
CB:5C:DE:00:00:00 ;Group address (multicast MAC address)
5A:A0:CE:00:00:00 ;Locally administered MAC address
46:70:D1:00:00:00 ;Locally administered MAC address
C6:11:18:00:00:00 ;Locally administered MAC address
00:25:00:00:00:00 ;Apple, Inc. 
52:AA:A9:00:00:00 ;Locally administered MAC address
E2:AC:A2:00:00:00 ;Locally administered MAC address
82:1E:DA:00:00:00 ;Locally administered MAC address
78:BC:1A:00:00:00 ;Cisco Systems, Inc 
42:83:48:00:00:00 ;Locally administered MAC address
3E:0F:29:00:00:00 ;Locally administered MAC address
86:5F:7B:00:00:00 ;Locally administered MAC address
00:28:F8:00:00:00 ;Intel Corporate 
6F:2F:98:00:00:00 ;Group address (multicast MAC address)
56:8D:FA:00:00:00 ;Locally administered MAC address
65:72:A1:00:00:00 ;Group address (multicast MAC address)
62:EB:4A:00:00:00 ;Locally administered MAC address
40:F2:8B:00:00:00 ;
8E:43:10:00:00:00 ;Locally administered MAC address
3C:F0:11:00:00:00 ;Intel Corporate 
5A:CE:38:00:00:00 ;Locally administered MAC address
02:09:B1:00:00:00 ;Locally administered MAC address
66:A4:A4:00:00:00 ;Locally administered MAC address
60:A6:F4:00:00:00 ;
FC:5B:39:00:00:00 ;Cisco Systems, Inc 
54:88:0E:00:00:00 ;SAMSUNG ELECTRO-MECHANICS(THAILAND) 
9C:3E:53:00:00:00 ;Apple, Inc. 
80:E0:1D:00:00:00 ;Cisco Systems, Inc 
4D:75:56:00:00:00 ;Group address (multicast MAC address)
C4:35:D9:00:00:00 ;Apple, Inc. 
14:7D:DA:00:00:00 ;Apple, Inc. 
02:FB:84:00:00:00 ;Locally administered MAC address
26:DD:E2:00:00:00 ;Locally administered MAC address
03:2B:B9:00:00:00 ;Group address (multicast MAC address)
92:65:C1:00:00:00 ;Locally administered MAC address
FF:FA:1F:00:00:00 ;Group address (multicast MAC address)
F1:FD:71:00:00:00 ;Group address (multicast MAC address)
17:8F:AA:00:00:00 ;Group address (multicast MAC address)
6A:78:C1:00:00:00 ;Locally administered MAC address
64:26:02:00:00:00 ;
4D:8A:6E:00:00:00 ;Group address (multicast MAC address)
C4:39:64:00:00:00 ;
5E:3E:0D:00:00:00 ;Locally administered MAC address
CF:0E:12:00:00:00 ;Group address (multicast MAC address)
73:2E:B4:00:00:00 ;Group address (multicast MAC address)
C8:EF:7E:00:00:00 ;
7C:CA:00:00:00:00 ;
D3:D6:97:00:00:00 ;Group address (multicast MAC address)
4A:75:96:00:00:00 ;Locally administered MAC address
2B:57:FF:00:00:00 ;Group address (multicast MAC address)
FD:70:A7:00:00:00 ;Group address (multicast MAC address)
5A:32:EC:00:00:00 ;Locally administered MAC address
17:2D:A9:00:00:00 ;Group address (multicast MAC address)
63:7A:67:00:00:00 ;Group address (multicast MAC address)
44:1D:48:00:00:00 ;
C6:2C:E2:00:00:00 ;Locally administered MAC address
54:03:84:00:00:00 ;Hongkong Nano IC Technologies Co., Ltd 
25:DB:FB:00:00:00 ;Group address (multicast MAC address)
C4:DD:31:00:00:00 ;
01:90:7E:00:00:00 ;Group address (multicast MAC address)
06:F1:F0:00:00:00 ;Locally administered MAC address
57:DD:FA:00:00:00 ;Group address (multicast MAC address)
1F:E9:7E:00:00:00 ;Group address (multicast MAC address)
47:D8:7C:00:00:00 ;Group address (multicast MAC address)
D8:63:1D:00:00:00 ;
51:DA:53:00:00:00 ;Group address (multicast MAC address)
72:28:C0:00:00:00 ;Locally administered MAC address
34:91:E1:00:00:00 ;
57:56:E0:00:00:00 ;Group address (multicast MAC address)
65:56:CD:00:00:00 ;Group address (multicast MAC address)
F9:5E:09:00:00:00 ;Group address (multicast MAC address)
4E:C3:A4:00:00:00 ;Locally administered MAC address
F1:E0:C6:00:00:00 ;Group address (multicast MAC address)
26:92:D6:00:00:00 ;Locally administered MAC address
F9:F9:38:00:00:00 ;Group address (multicast MAC address)
F1:34:39:00:00:00 ;Group address (multicast MAC address)
FA:88:36:00:00:00 ;Locally administered MAC address
20:0F:86:00:00:00 ;
D2:41:00:00:00:00 ;Locally administered MAC address
C4:AA:02:00:00:00 ;
4B:E5:5A:00:00:00 ;Group address (multicast MAC address)
42:22:FE:00:00:00 ;Locally administered MAC address
EA:1B:D6:00:00:00 ;Locally administered MAC address
6F:B6:FA:00:00:00 ;Group address (multicast MAC address)
FF:77:26:00:00:00 ;Group address (multicast MAC address)
C3:0F:0B:00:00:00 ;Group address (multicast MAC address)
C2:4C:CF:00:00:00 ;Locally administered MAC address
63:6B:B6:00:00:00 ;Group address (multicast MAC address)
C6:21:89:00:00:00 ;Locally administered MAC address
EB:DC:0F:00:00:00 ;Group address (multicast MAC address)
61:1B:D9:00:00:00 ;Group address (multicast MAC address)
5F:8E:5E:00:00:00 ;Group address (multicast MAC address)
7F:64:FA:00:00:00 ;Group address (multicast MAC address)
77:6F:D1:00:00:00 ;Group address (multicast MAC address)
4B:EF:D7:00:00:00 ;Group address (multicast MAC address)
F5:60:BD:00:00:00 ;Group address (multicast MAC address)
C1:48:66:00:00:00 ;Group address (multicast MAC address)
EA:40:DD:00:00:00 ;Locally administered MAC address
26:39:21:00:00:00 ;Locally administered MAC address
55:1F:4A:00:00:00 ;Group address (multicast MAC address)
C9:EB:70:00:00:00 ;Group address (multicast MAC address)
6B:72:11:00:00:00 ;Group address (multicast MAC address)
0C:D0:89:00:00:00 ;
4B:F6:25:00:00:00 ;Group address (multicast MAC address)
47:62:B7:00:00:00 ;Group address (multicast MAC address)
CD:45:26:00:00:00 ;Group address (multicast MAC address)
7D:06:C7:00:00:00 ;Group address (multicast MAC address)
DC:1C:29:00:00:00 ;
6B:AD:79:00:00:00 ;Group address (multicast MAC address)
7A:01:AB:00:00:00 ;Locally administered MAC address
CB:28:45:00:00:00 ;Group address (multicast MAC address)
DC:B5:7C:00:00:00 ;
E0:86:50:00:00:00 ;
36:B3:99:00:00:00 ;Locally administered MAC address
7C:4A:5C:00:00:00 ;
55:AA:30:00:00:00 ;Group address (multicast MAC address)
7C:47:74:00:00:00 ;
06:3D:7A:00:00:00 ;Locally administered MAC address
EB:E6:D8:00:00:00 ;Group address (multicast MAC address)
6C:F2:2F:00:00:00 ;
5B:54:89:00:00:00 ;Group address (multicast MAC address)
26:C0:5F:00:00:00 ;Locally administered MAC address
E6:15:8A:00:00:00 ;Locally administered MAC address
5F:78:07:00:00:00 ;Group address (multicast MAC address)
6D:1B:D1:00:00:00 ;Group address (multicast MAC address)
4E:C0:FF:00:00:00 ;Locally administered MAC address
67:80:57:00:00:00 ;Group address (multicast MAC address)
7A:C6:63:00:00:00 ;Locally administered MAC address
7C:91:CE:00:00:00 ;
43:D7:0A:00:00:00 ;Group address (multicast MAC address)
DC:53:C7:00:00:00 ;
5B:58:98:00:00:00 ;Group address (multicast MAC address)
73:70:4B:00:00:00 ;Group address (multicast MAC address)
ED:C2:77:00:00:00 ;Group address (multicast MAC address)
C6:DE:6F:00:00:00 ;Locally administered MAC address
E7:58:D0:00:00:00 ;Group address (multicast MAC address)
4F:BA:0B:00:00:00 ;Group address (multicast MAC address)
77:8A:55:00:00:00 ;Group address (multicast MAC address)
4E:15:99:00:00:00 ;Locally administered MAC address
56:3D:30:00:00:00 ;Locally administered MAC address
7B:F5:1A:00:00:00 ;Group address (multicast MAC address)
57:0E:86:00:00:00 ;Group address (multicast MAC address)
52:A1:3E:00:00:00 ;Locally administered MAC address
31:41:74:00:00:00 ;Group address (multicast MAC address)
E8:2C:9D:00:00:00 ;
44:C7:3C:00:00:00 ;
D5:A2:14:00:00:00 ;Group address (multicast MAC address)
17:6C:89:00:00:00 ;Group address (multicast MAC address)
5C:4C:76:00:00:00 ;
46:89:A1:00:00:00 ;Locally administered MAC address
7D:C0:7C:00:00:00 ;Group address (multicast MAC address)
C1:36:D6:00:00:00 ;Group address (multicast MAC address)
D5:BB:A9:00:00:00 ;Group address (multicast MAC address)
D6:65:C6:00:00:00 ;Locally administered MAC address
57:AC:35:00:00:00 ;Group address (multicast MAC address)
F0:0D:7B:00:00:00 ;
78:12:49:00:00:00 ;
72:34:14:00:00:00 ;Locally administered MAC address
F5:0D:30:00:00:00 ;Group address (multicast MAC address)
E9:CC:50:00:00:00 ;Group address (multicast MAC address)
D4:50:C4:00:00:00 ;
49:2B:B9:00:00:00 ;Group address (multicast MAC address)
73:59:7D:00:00:00 ;Group address (multicast MAC address)
C1:0C:DE:00:00:00 ;Group address (multicast MAC address)
52:8F:50:00:00:00 ;Locally administered MAC address
71:3F:44:00:00:00 ;Group address (multicast MAC address)
52:3F:FD:00:00:00 ;Locally administered MAC address
FF:EE:6E:00:00:00 ;Group address (multicast MAC address)
6C:36:5C:00:00:00 ;
48:56:9A:00:00:00 ;
18:E3:7B:00:00:00 ;
C5:6A:31:00:00:00 ;Group address (multicast MAC address)
40:B1:AC:00:00:00;
D4:15:98:00:00:00 ;
4A:F9:D8:00:00:00 ;Locally administered MAC address
6B:19:41:00:00:00 ;Group address (multicast MAC address)
65:A5:AD:00:00:00 ;Group address (multicast MAC address)
16:91:F2:00:00:00 ;Locally administered MAC address
7B:E5:EF:00:00:00 ;Group address (multicast MAC address)
DF:AD:A1:00:00:00 ;Group address (multicast MAC address)
48:87:5C:00:00:00 ;
50:8C:DE:00:00:00 ;
D7:33:06:00:00:00 ;Group address (multicast MAC address)
FA:88:C6:00:00:00 ;Locally administered MAC address
DB:93:AA:00:00:00 ;Group address (multicast MAC address)
50:58:3D:00:00:00 ;
07:90:84:00:00:00 ;Group address (multicast MAC address)
5F:00:19:00:00:00 ;Group address (multicast MAC address)
4C:A7:DA:00:00:00 ;
4B:0F:3D:00:00:00 ;Group address (multicast MAC address)
62:2D:C9:00:00:00 ;Locally administered MAC address
43:CF:21:00:00:00 ;Group address (multicast MAC address)
6C:A2:2C:00:00:00 ;
DB:DD:D1:00:00:00 ;Group address (multicast MAC address)
69:55:53:00:00:00 ;Group address (multicast MAC address)
62:C6:FC:00:00:00 ;Locally administered MAC address
94:F6:D6:00:00:00 ;Apple, Inc. 
7E:AC:F5:00:00:00 ;Locally administered MAC address
6F:D9:09:00:00:00 ;Group address (multicast MAC address)
03:8B:67:00:00:00 ;Group address (multicast MAC address)
5F:D0:37:00:00:00 ;Group address (multicast MAC address)
65:D1:2E:00:00:00 ;Group address (multicast MAC address)
4B:90:22:00:00:00 ;Group address (multicast MAC address)
DB:CC:31:00:00:00 ;Group address (multicast MAC address)
F7:74:FE:00:00:00 ;Group address (multicast MAC address)
E0:C2:BE:00:00:00 ;
4E:9A:A2:00:00:00 ;Locally administered MAC address
42:AE:A9:00:00:00 ;Locally administered MAC address
38:DA:18:00:00:00 ;
4E:A9:CF:00:00:00 ;Locally administered MAC address
C2:E1:E4:00:00:00 ;Locally administered MAC address
77:3D:FC:00:00:00 ;Group address (multicast MAC address)
F9:AF:4D:00:00:00 ;Group address (multicast MAC address)
4C:57:AF:00:00:00 ;
E5:18:93:00:00:00 ;Group address (multicast MAC address)
3D:EC:C3:00:00:00 ;Group address (multicast MAC address)
59:F2:AE:00:00:00 ;Group address (multicast MAC address)
55:61:BD:00:00:00 ;Group address (multicast MAC address)
51:E1:7E:00:00:00 ;Group address (multicast MAC address)
DA:84:F8:00:00:00 ;Locally administered MAC address
60:CF:A4:00:00:00 ;
ED:D6:02:00:00:00 ;Group address (multicast MAC address)
71:9C:98:00:00:00 ;Group address (multicast MAC address)
7A:45:D8:00:00:00 ;Locally administered MAC address
71:A8:D5:00:00:00 ;Group address (multicast MAC address)
F9:DB:4D:00:00:00 ;Group address (multicast MAC address)
4A:62:98:00:00:00 ;Locally administered MAC address
51:EE:0F:00:00:00 ;Group address (multicast MAC address)
DF:87:45:00:00:00 ;Group address (multicast MAC address)
62:AC:7A:00:00:00 ;Locally administered MAC address
E1:A6:1B:00:00:00 ;Group address (multicast MAC address)
53:DC:FE:00:00:00 ;Group address (multicast MAC address)
42:5B:11:00:00:00 ;Locally administered MAC address
FD:4B:7A:00:00:00 ;Group address (multicast MAC address)
28:6F:40:00:00:00 ;Tonly Technology Co. Ltd 
5B:14:33:00:00:00 ;Group address (multicast MAC address)
79:DE:B5:00:00:00 ;Group address (multicast MAC address)
C9:58:B2:00:00:00 ;Group address (multicast MAC address)
70:F1:8D:00:00:00 ;
44:F5:6E:00:00:00 ;
4A:0E:08:00:00:00 ;Locally administered MAC address
60:14:67:00:00:00 ;
78:57:17:00:00:00 ;
5B:A0:50:00:00:00 ;Group address (multicast MAC address)
6F:78:04:00:00:00 ;Group address (multicast MAC address)
5F:C6:77:00:00:00 ;Group address (multicast MAC address)
3E:1E:43:00:00:00 ;Locally administered MAC address
56:A7:53:00:00:00 ;Locally administered MAC address
79:23:B9:00:00:00 ;Group address (multicast MAC address)
CF:E6:3A:00:00:00 ;Group address (multicast MAC address)
EC:E0:BD:00:00:00 ;
C9:4C:F7:00:00:00 ;Group address (multicast MAC address)
39:54:DB:00:00:00 ;Group address (multicast MAC address)
7A:A1:B9:00:00:00 ;Locally administered MAC address
ED:D3:AE:00:00:00 ;Group address (multicast MAC address)
51:C6:DB:00:00:00 ;Group address (multicast MAC address)
C7:67:47:00:00:00 ;Group address (multicast MAC address)
5A:45:C9:00:00:00 ;Locally administered MAC address
64:D9:02:00:00:00 ;
F2:5F:76:00:00:00 ;Locally administered MAC address
52:A6:7E:00:00:00 ;Locally administered MAC address
4B:6A:11:00:00:00 ;Group address (multicast MAC address)
7A:FC:85:00:00:00 ;Locally administered MAC address
43:A8:BA:00:00:00 ;Group address (multicast MAC address)
1F:C6:4B:00:00:00 ;Group address (multicast MAC address)
5A:85:D9:00:00:00 ;Locally administered MAC address
5B:43:4E:00:00:00 ;Group address (multicast MAC address)
00:50:2A:00:00:00 ;Cisco Systems, Inc 
72:7B:58:00:00:00 ;Locally administered MAC address
7E:0F:B7:00:00:00 ;Locally administered MAC address
EC:F0:31:00:00:00 ;
F3:57:E2:00:00:00 ;Group address (multicast MAC address)
79:11:F6:00:00:00;
DE:D0:3C:00:00:00 ;Locally administered MAC address
33:DD:44:00:00:00 ;Group address (multicast MAC address)
F1:9F:85:00:00:00 ;Group address (multicast MAC address)
4A:08:D2:00:00:00 ;Locally administered MAC address
F0:B8:40:00:00:00 ;
F9:A0:F9:00:00:00 ;Group address (multicast MAC address)
E0:FB:F7:00:00:00 ;
3B:17:A1:00:00:00 ;Group address (multicast MAC address)
E5:09:A0:00:00:00 ;Group address (multicast MAC address)
35:76:53:00:00:00 ;Group address (multicast MAC address)
E9:EE:2E:00:00:00 ;Group address (multicast MAC address)
D9:B5:1F:00:00:00 ;Group address (multicast MAC address)
78:25:D3:00:00:00 ;
60:11:4A:00:00:00 ;
CF:E2:98:00:00:00 ;Group address (multicast MAC address)
DA:74:D9:00:00:00 ;Locally administered MAC address
64:6E:9A:00:00:00 ;
79:08:49:00:00:00 ;Group address (multicast MAC address)
1C:85:F5:00:00:00 ;
0D:1A:D2:00:00:00 ;Group address (multicast MAC address)
C6:54:3D:00:00:00 ;Locally administered MAC address
60:3D:01:00:00:00 ;
51:2B:A5:00:00:00 ;Group address (multicast MAC address)
75:89:B3:00:00:00 ;Group address (multicast MAC address)
20:8B:0C:00:00:00 ;
EE:5C:24:00:00:00 ;Locally administered MAC address
7A:2C:D1:00:00:00 ;Locally administered MAC address
7C:DD:6C:00:00:00 ;
54:33:4A:00:00:00 ;
59:14:C2:00:00:00 ;Group address (multicast MAC address)
DE:C3:CC:00:00:00 ;Locally administered MAC address
F7:8E:C3:00:00:00 ;Group address (multicast MAC address)
75:9A:8E:00:00:00 ;Group address (multicast MAC address)
71:46:1A:00:00:00 ;Group address (multicast MAC address)
C1:D1:97:00:00:00 ;Group address (multicast MAC address)
4C:6E:28:00:00:00 ;
E3:0C:46:00:00:00 ;Group address (multicast MAC address)
68:1D:E8:00:00:00 ;
5C:C7:8B:00:00:00 ;
D8:37:F5:00:00:00 ;
CC:14:4B:00:00:00 ;
47:B5:85:00:00:00 ;Group address (multicast MAC address)
69:86:96:00:00:00 ;Group address (multicast MAC address)
EC:85:02:00:00:00 ;
61:3E:B3:00:00:00 ;Group address (multicast MAC address)
F7:70:F6:00:00:00 ;Group address (multicast MAC address)
FE:63:60:00:00:00 ;Locally administered MAC address
D3:3A:7E:00:00:00 ;Group address (multicast MAC address)
41:26:92:00:00:00 ;Group address (multicast MAC address)
EC:8C:BC:00:00:00 ;
CA:98:D2:00:00:00 ;Locally administered MAC address
72:86:94:00:00:00 ;Locally administered MAC address
6C:D8:B2:00:00:00 ;
C2:7D:8B:00:00:00 ;Locally administered MAC address
7E:A4:E0:00:00:00 ;Locally administered MAC address
5B:67:32:00:00:00 ;Group address (multicast MAC address)
4F:ED:B2:00:00:00 ;Group address (multicast MAC address)
DA:5E:1C:00:00:00 ;Locally administered MAC address
DC:A1:E9:00:00:00 ;
44:83:30:00:00:00 ;
E2:63:1D:00:00:00 ;Locally administered MAC address
C1:C6:F8:00:00:00 ;Group address (multicast MAC address)
57:F5:3E:00:00:00 ;Group address (multicast MAC address)
0A:6D:93:00:00:00 ;Locally administered MAC address
C7:9C:22:00:00:00 ;Group address (multicast MAC address)
D1:9A:56:00:00:00 ;Group address (multicast MAC address)
6B:19:0C:00:00:00 ;Group address (multicast MAC address)
73:2E:3F:00:00:00 ;Group address (multicast MAC address)
42:3A:F5:00:00:00 ;Locally administered MAC address
DE:DE:DF:00:00:00 ;Locally administered MAC address
E1:6C:63:00:00:00 ;Group address (multicast MAC address)
DA:4F:AC:00:00:00 ;Locally administered MAC address
C5:61:2C:00:00:00 ;Group address (multicast MAC address)
CA:FE:82:00:00:00 ;Locally administered MAC address
D9:97:BB:00:00:00 ;Group address (multicast MAC address)
D9:BE:1C:00:00:00 ;Group address (multicast MAC address)
FA:C1:16:00:00:00 ;Locally administered MAC address
E0:E7:49:00:00:00 ;
F3:D6:41:00:00:00 ;Group address (multicast MAC address)
C5:A5:3B:00:00:00 ;Group address (multicast MAC address)
CA:BC:0F:00:00:00 ;Locally administered MAC address
51:7A:04:00:00:00 ;Group address (multicast MAC address)
77:3D:41:00:00:00 ;Group address (multicast MAC address)
CC:3F:57:00:00:00 ;
4B:F5:33:00:00:00 ;Group address (multicast MAC address)
6E:1C:DB:00:00:00 ;Locally administered MAC address
62:C8:41:00:00:00 ;Locally administered MAC address
4F:77:BB:00:00:00 ;Group address (multicast MAC address)
7B:DB:97:00:00:00 ;Group address (multicast MAC address)
5D:FF:0B:00:00:00 ;Group address (multicast MAC address)
D4:C4:99:00:00:00 ;
46:AC:0A:00:00:00 ;Locally administered MAC address
5E:BA:EA:00:00:00 ;Locally administered MAC address
F6:F7:5B:00:00:00 ;Locally administered MAC address
7E:72:25:00:00:00 ;Locally administered MAC address
F5:82:11:00:00:00 ;Group address (multicast MAC address)
54:5F:D9:00:00:00 ;
FC:98:0C:00:00:00 ;
D2:BD:37:00:00:00 ;Locally administered MAC address
F5:1F:47:00:00:00 ;Group address (multicast MAC address)
62:B3:58:00:00:00 ;Locally administered MAC address
77:2F:62:00:00:00 ;Group address (multicast MAC address)
D6:1C:07:00:00:00 ;Locally administered MAC address
C3:8E:7E:00:00:00 ;Group address (multicast MAC address)
E6:D0:02:00:00:00 ;Locally administered MAC address
DD:14:9E:00:00:00 ;Group address (multicast MAC address)
C8:AD:D1:00:00:00 ;
F4:EF:0F:00:00:00 ;
D2:DC:C9:00:00:00 ;Locally administered MAC address
E9:39:1D:00:00:00 ;Group address (multicast MAC address)
F5:90:EA:00:00:00 ;Group address (multicast MAC address)
D7:BF:DB:00:00:00 ;Group address (multicast MAC address)
F5:E5:42:00:00:00 ;Group address (multicast MAC address)
E8:C2:BC:00:00:00 ;
E7:BD:16:00:00:00 ;Group address (multicast MAC address)
DC:EA:5D:00:00:00 ;
EA:3F:F0:00:00:00 ;Locally administered MAC address
D3:A8:C4:00:00:00 ;Group address (multicast MAC address)
CA:75:F4:00:00:00 ;Locally administered MAC address
51:15:CA:00:00:00 ;Group address (multicast MAC address)
55:D4:62:00:00:00 ;Group address (multicast MAC address)
6F:23:65:00:00:00 ;Group address (multicast MAC address)
2E:A8:43:00:00:00 ;Locally administered MAC address
56:83:89:00:00:00 ;Locally administered MAC address
DA:2C:51:00:00:00 ;Locally administered MAC address
F4:E5:B5:00:00:00 ;
64:3E:F7:00:00:00 ;
E2:6F:F4:00:00:00 ;Locally administered MAC address
4C:23:93:00:00:00 ;
72:10:06:00:00:00 ;Locally administered MAC address
E4:90:B5:00:00:00 ;
21:38:14:00:00:00 ;Group address (multicast MAC address)
11:C0:03:00:00:00 ;Group address (multicast MAC address)
F4:F5:6F:00:00:00 ;
C5:68:47:00:00:00 ;Group address (multicast MAC address)
D1:5A:73:00:00:00 ;Group address (multicast MAC address)
CF:CD:F2:00:00:00 ;Group address (multicast MAC address)
71:3B:62:00:00:00 ;Group address (multicast MAC address)
0A:51:5F:00:00:00 ;Locally administered MAC address
7E:4A:D5:00:00:00 ;Locally administered MAC address
15:5F:1F:00:00:00 ;Group address (multicast MAC address)
71:99:3B:00:00:00 ;Group address (multicast MAC address)
69:02:B6:00:00:00 ;Group address (multicast MAC address)
44:58:5E:00:00:00 ;
F0:D6:68:00:00:00 ;
CB:27:6E:00:00:00 ;Group address (multicast MAC address)
E9:D5:D0:00:00:00 ;Group address (multicast MAC address)
7A:A4:08:00:00:00 ;Locally administered MAC address
7A:3E:D9:00:00:00 ;Locally administered MAC address
56:93:4D:00:00:00 ;Locally administered MAC address
79:EC:62:00:00:00 ;Group address (multicast MAC address)
54:42:92:00:00:00 ;
FA:CE:C5:00:00:00 ;Locally administered MAC address
5C:32:6D:00:00:00 ;
72:BC:59:00:00:00 ;Locally administered MAC address
6C:17:F8:00:00:00 ;
D9:82:AD:00:00:00 ;Group address (multicast MAC address)
FF:32:1B:00:00:00 ;Group address (multicast MAC address)
F8:F2:FC:00:00:00 ;
F1:CE:BA:00:00:00 ;Group address (multicast MAC address)
CC:C6:DE:00:00:00 ;
FC:A5:34:00:00:00 ;
78:D4:D0:00:00:00 ;
52:EA:D2:00:00:00 ;Locally administered MAC address
7D:F9:65:00:00:00 ;Group address (multicast MAC address)
69:97:42:00:00:00 ;Group address (multicast MAC address)
ED:C7:94:00:00:00 ;Group address (multicast MAC address)
63:C1:91:00:00:00 ;Group address (multicast MAC address)
65:FC:3E:00:00:00 ;Group address (multicast MAC address)
5A:DB:AF:00:00:00 ;Locally administered MAC address
35:99:99:00:00:00 ;Group address (multicast MAC address)
75:B9:26:00:00:00 ;Group address (multicast MAC address)
4E:19:8F:00:00:00 ;Locally administered MAC address
7B:08:59:00:00:00 ;Group address (multicast MAC address)
48:C3:7D:00:00:00 ;
74:F4:74:00:00:00 ;
D6:18:60:00:00:00 ;Locally administered MAC address
43:BD:36:00:00:00 ;Group address (multicast MAC address)
D8:02:4E:00:00:00 ;
4D:44:2B:00:00:00 ;Group address (multicast MAC address)
F4:78:E5:00:00:00 ;
57:36:40:00:00:00 ;Group address (multicast MAC address)
CF:7F:FE:00:00:00 ;Group address (multicast MAC address)
FB:2E:55:00:00:00 ;Group address (multicast MAC address)
EB:69:03:00:00:00 ;Group address (multicast MAC address)
E1:3E:56:00:00:00 ;Group address (multicast MAC address)
E6:36:BB:00:00:00 ;Locally administered MAC address
FA:DF:88:00:00:00 ;Locally administered MAC address
EA:B9:71:00:00:00 ;Locally administered MAC address
72:FC:1F:00:00:00 ;Locally administered MAC address
53:90:BB:00:00:00 ;Group address (multicast MAC address)
52:38:A8:00:00:00 ;Locally administered MAC address
4F:60:38:00:00:00 ;Group address (multicast MAC address)
5D:CB:16:00:00:00 ;Group address (multicast MAC address)
56:4E:03:00:00:00 ;Locally administered MAC address
61:88:FE:00:00:00 ;Group address (multicast MAC address)
7F:A8:1A:00:00:00 ;Group address (multicast MAC address)
69:08:FF:00:00:00 ;Group address (multicast MAC address)
7F:D1:6B:00:00:00 ;Group address (multicast MAC address)
60:A0:28:00:00:00 ;
6C:91:76:00:00:00 ;
57:DB:17:00:00:00 ;Group address (multicast MAC address)
6D:87:0F:00:00:00 ;Group address (multicast MAC address)
70:09:33:00:00:00 ;
44:C4:9A:00:00:00 ;
0C:82:BA:00:00:00 ;
4E:90:78:00:00:00 ;Locally administered MAC address
44:7B:3B:00:00:00 ;
71:6A:0E:00:00:00 ;Group address (multicast MAC address)
59:C8:D8:00:00:00 ;Group address (multicast MAC address)
2E:2D:01:00:00:00 ;Locally administered MAC address
64:2D:6B:00:00:00 ;
6B:A4:B7:00:00:00 ;Group address (multicast MAC address)
16:16:49:00:00:00 ;Locally administered MAC address
55:98:B8:00:00:00 ;Group address (multicast MAC address)
72:9C:0F:00:00:00 ;Locally administered MAC address
54:66:CC:00:00:00 ;
5F:18:8E:00:00:00 ;Group address (multicast MAC address)
23:79:E6:00:00:00 ;Group address (multicast MAC address)
65:4A:05:00:00:00 ;Group address (multicast MAC address)
4C:6E:50:00:00:00 ;
5F:D1:59:00:00:00 ;Group address (multicast MAC address)
56:27:14:00:00:00 ;Locally administered MAC address
CD:8F:53:00:00:00 ;Group address (multicast MAC address)
F7:1F:EC:00:00:00 ;Group address (multicast MAC address)
E6:FC:B5:00:00:00 ;Locally administered MAC address
18:43:20:00:00:00 ;
7B:3B:32:00:00:00 ;Group address (multicast MAC address)
E4:1E:00:00:00:00 ;
ED:21:FE:00:00:00 ;Group address (multicast MAC address)
C7:00:05:00:00:00 ;Group address (multicast MAC address)
63:58:E3:00:00:00 ;Group address (multicast MAC address)
70:54:04:00:00:00 ;
2F:E7:3D:00:00:00 ;Group address (multicast MAC address)
73:37:F3:00:00:00 ;Group address (multicast MAC address)
CB:C3:14:00:00:00 ;Group address (multicast MAC address)
57:21:12:00:00:00 ;Group address (multicast MAC address)
E0:8F:95:00:00:00 ;
D8:03:26:00:00:00 ;
C6:41:84:00:00:00 ;Locally administered MAC address
D4:21:E1:00:00:00 ;
FB:AF:31:00:00:00 ;Group address (multicast MAC address)
DC:54:74:00:00:00 ;
CA:06:AA:00:00:00 ;Locally administered MAC address
50:F4:1C:00:00:00 ;
41:BE:53:00:00:00 ;Group address (multicast MAC address)
72:A3:DD:00:00:00 ;Locally administered MAC address
EB:C6:71:00:00:00 ;Group address (multicast MAC address)
DF:1C:94:00:00:00 ;Group address (multicast MAC address)
04:97:44:00:00:00 ;
C7:11:44:00:00:00 ;Group address (multicast MAC address)
69:1F:38:00:00:00 ;Group address (multicast MAC address)
60:B5:BD:00:00:00 ;
29:DC:C2:00:00:00 ;Group address (multicast MAC address)
17:E8:A7:00:00:00 ;Group address (multicast MAC address)
66:50:36:00:00:00 ;Locally administered MAC address
70:EF:A2:00:00:00 ;
6A:66:60:00:00:00 ;Locally administered MAC address
72:D9:2B:00:00:00 ;Locally administered MAC address
21:CD:72:00:00:00 ;Group address (multicast MAC address)
51:D1:6C:00:00:00 ;Group address (multicast MAC address)
45:4C:A7:00:00:00 ;Group address (multicast MAC address)
77:57:0B:00:00:00 ;Group address (multicast MAC address)
66:32:BA:00:00:00 ;Locally administered MAC address
52:DE:49:00:00:00 ;Locally administered MAC address
09:AA:2D:00:00:00 ;Group address (multicast MAC address)
73:FA:94:00:00:00 ;Group address (multicast MAC address)
FF:68:08:00:00:00 ;Group address (multicast MAC address)
F7:56:8B:00:00:00 ;Group address (multicast MAC address)
5D:37:CA:00:00:00 ;Group address (multicast MAC address)
5B:FD:DB:00:00:00 ;Group address (multicast MAC address)
7E:3A:A2:00:00:00 ;Locally administered MAC address
16:D4:C0:00:00:00 ;Locally administered MAC address
EC:57:13:00:00:00 ;
70:1B:8F:00:00:00 ;
2F:26:6E:00:00:00 ;Group address (multicast MAC address)
02:98:0E:00:00:00 ;Locally administered MAC address
6C:3C:03:00:00:00 ;
F5:B9:C2:00:00:00 ;Group address (multicast MAC address)
47:35:98:00:00:00 ;Group address (multicast MAC address)
C9:DB:2B:00:00:00 ;Group address (multicast MAC address)
F6:CD:AF:00:00:00 ;Locally administered MAC address
FB:3F:17:00:00:00 ;Group address (multicast MAC address)
43:36:2A:00:00:00 ;Group address (multicast MAC address)
F4:52:FB:00:00:00 ;
57:D9:0B:00:00:00 ;Group address (multicast MAC address)
52:80:1C:00:00:00 ;Locally administered MAC address
F8:40:94:00:00:00 ;
42:66:99:00:00:00 ;Locally administered MAC address
1C:30:C4:00:00:00 ;
57:44:EF:00:00:00 ;Group address (multicast MAC address)
E8:EF:94:00:00:00 ;
54:0A:2E:00:00:00 ;
6D:38:C9:00:00:00 ;Group address (multicast MAC address)
C5:1B:8B:00:00:00 ;Group address (multicast MAC address)
63:97:71:00:00:00 ;Group address (multicast MAC address)
35:AC:43:00:00:00 ;Group address (multicast MAC address)
34:56:ED:00:00:00 ;
71:EC:44:00:00:00 ;Group address (multicast MAC address)
4A:E1:BC:00:00:00 ;Locally administered MAC address
37:69:81:00:00:00 ;Group address (multicast MAC address)
5A:5C:AE:00:00:00 ;Locally administered MAC address
28:B2:30:00:00:00 ;
4E:2F:0A:00:00:00 ;Locally administered MAC address
25:05:AF:00:00:00 ;Group address (multicast MAC address)
0C:5C:54:00:00:00 ;
FA:0C:11:00:00:00 ;Locally administered MAC address
0E:FE:CE:00:00:00 ;Locally administered MAC address
10:BF:EB:00:00:00 ;
0A:68:B3:00:00:00 ;Locally administered MAC address
77:20:08:00:00:00 ;Group address (multicast MAC address)
3E:09:B8:00:00:00 ;Locally administered MAC address
75:4C:FF:00:00:00 ;Group address (multicast MAC address)
C6:6A:55:00:00:00 ;Locally administered MAC address
5E:DC:30:00:00:00 ;Locally administered MAC address
72:33:FA:00:00:00 ;Locally administered MAC address
CE:82:18:00:00:00 ;Locally administered MAC address
C0:64:5B:00:00:00 ;
EA:C7:1E:00:00:00 ;Locally administered MAC address
4B:9C:0A:00:00:00 ;Group address (multicast MAC address)
66:82:A8:00:00:00 ;Locally administered MAC address
0D:D3:B1:00:00:00 ;Group address (multicast MAC address)
58:FB:C2:00:00:00 ;
62:74:93:00:00:00 ;Locally administered MAC address
47:64:39:00:00:00 ;Group address (multicast MAC address)
C5:6C:F4:00:00:00 ;Group address (multicast MAC address)
43:9B:A2:00:00:00 ;Group address (multicast MAC address)
FD:2A:A4:00:00:00 ;Group address (multicast MAC address)
4F:A0:E2:00:00:00 ;Group address (multicast MAC address)
CC:D1:78:00:00:00 ;
6A:AE:F7:00:00:00 ;Locally administered MAC address
D0:E7:AD:00:00:00 ;
E7:C1:EC:00:00:00 ;Group address (multicast MAC address)
DB:03:E4:00:00:00 ;Group address (multicast MAC address)
C1:01:74:00:00:00 ;Group address (multicast MAC address)
4D:3A:B7:00:00:00 ;Group address (multicast MAC address)
4E:F2:4E:00:00:00 ;Locally administered MAC address
0A:99:83:00:00:00 ;Locally administered MAC address
59:13:BC:00:00:00 ;Group address (multicast MAC address)
54:3F:30:00:00:00 ;
FB:F3:2D:00:00:00 ;Group address (multicast MAC address)
45:33:DF:00:00:00 ;Group address (multicast MAC address)
CD:E7:C3:00:00:00 ;Group address (multicast MAC address)
DF:1C:27:00:00:00 ;Group address (multicast MAC address)
45:C9:1D:00:00:00 ;Group address (multicast MAC address)
CB:5D:84:00:00:00 ;Group address (multicast MAC address)
EA:90:06:00:00:00 ;Locally administered MAC address
5E:82:97:00:00:00 ;Locally administered MAC address
49:11:49:00:00:00 ;Group address (multicast MAC address)
CF:D2:A9:00:00:00 ;Group address (multicast MAC address)
E8:D8:59:00:00:00 ;
DD:2E:23:00:00:00 ;Group address (multicast MAC address)
F5:84:58:00:00:00 ;Group address (multicast MAC address)
67:34:BC:00:00:00 ;Group address (multicast MAC address)
E5:86:47:00:00:00 ;Group address (multicast MAC address)
EA:B4:26:00:00:00 ;Locally administered MAC address
FD:C4:75:00:00:00 ;Group address (multicast MAC address)
E6:87:48:00:00:00 ;Locally administered MAC address
3D:70:E7:00:00:00 ;Group address (multicast MAC address)
D2:67:99:00:00:00 ;Locally administered MAC address
5D:EC:D7:00:00:00 ;Group address (multicast MAC address)
53:2B:C0:00:00:00 ;Group address (multicast MAC address)
43:47:3D:00:00:00 ;Group address (multicast MAC address)
C0:2E:1B:00:00:00 ;
F1:B2:CB:00:00:00 ;Group address (multicast MAC address)
23:9A:9B:00:00:00 ;Group address (multicast MAC address)
D8:DB:AB:00:00:00 ;
F8:CD:65:00:00:00 ;
C3:F2:53:00:00:00 ;Group address (multicast MAC address)
F1:C0:21:00:00:00 ;Group address (multicast MAC address)
EF:86:19:00:00:00 ;Group address (multicast MAC address)
D1:66:98:00:00:00 ;Group address (multicast MAC address)
CF:DC:7A:00:00:00 ;Group address (multicast MAC address)
60:93:98:00:00:00 ;
E5:BF:D1:00:00:00 ;Group address (multicast MAC address)
F2:B3:CC:00:00:00 ;Locally administered MAC address
7A:60:76:00:00:00 ;Locally administered MAC address
58:27:39:00:00:00 ;
F7:7B:4A:00:00:00 ;Group address (multicast MAC address)
09:CA:05:00:00:00 ;Group address (multicast MAC address)
4C:92:97:00:00:00 ;
7C:CB:10:00:00:00 ;
67:75:46:00:00:00 ;Group address (multicast MAC address)
E2:C4:67:00:00:00 ;Locally administered MAC address
C1:34:79:00:00:00 ;Group address (multicast MAC address)
57:D1:96:00:00:00 ;Group address (multicast MAC address)
42:E7:E5:00:00:00 ;Locally administered MAC address
C0:D7:2B:00:00:00 ;
FE:01:3C:00:00:00 ;Locally administered MAC address
30:BB:7D:00:00:00 ;OnePlus Technology (Shenzhen) Co., Ltd 
74:C4:5C:00:00:00 ;
6B:E0:92:00:00:00 ;Group address (multicast MAC address)
65:8C:6A:00:00:00 ;Group address (multicast MAC address)
F1:50:24:00:00:00 ;Group address (multicast MAC address)
D1:85:3E:00:00:00 ;Group address (multicast MAC address)
70:23:C4:00:00:00 ;
48:7A:D8:00:00:00 ;
CE:F8:25:00:00:00 ;Locally administered MAC address
31:40:3C:00:00:00 ;Group address (multicast MAC address)
58:F9:1F:00:00:00;
FB:E3:55:00:00:00 ;Group address (multicast MAC address)
62:8E:1B:00:00:00 ;Locally administered MAC address
00:1B:66:00:00:00 ;Sennheiser electronic GmbH & Co. KG 
1C:E5:06:00:00:00 ;
4B:10:BF:00:00:00 ;Group address (multicast MAC address)
D8:C3:FF:00:00:00 ;
E7:F9:0C:00:00:00 ;Group address (multicast MAC address)
74:2F:EF:00:00:00 ;
CA:EB:69:00:00:00 ;Locally administered MAC address
60:91:52:00:00:00 ;
5D:45:AA:00:00:00 ;Group address (multicast MAC address)
52:B8:9E:00:00:00 ;Locally administered MAC address
F9:8F:EB:00:00:00 ;Group address (multicast MAC address)
43:16:70:00:00:00 ;Group address (multicast MAC address)
EE:85:18:00:00:00 ;Locally administered MAC address
67:8A:F4:00:00:00 ;Group address (multicast MAC address)
76:55:55:00:00:00 ;Locally administered MAC address
61:B8:A4:00:00:00 ;Group address (multicast MAC address)
6A:EE:8D:00:00:00 ;Locally administered MAC address
0E:E0:51:00:00:00 ;Locally administered MAC address
7A:A2:B2:00:00:00 ;Locally administered MAC address
E1:B2:F1:00:00:00 ;Group address (multicast MAC address)
CD:7F:D7:00:00:00 ;Group address (multicast MAC address)
5B:A1:86:00:00:00 ;Group address (multicast MAC address)
4F:F6:15:00:00:00 ;Group address (multicast MAC address)
14:B9:A1:00:00:00 ;
E2:B9:60:00:00:00 ;Locally administered MAC address
3B:A1:CE:00:00:00 ;Group address (multicast MAC address)
60:AE:5E:00:00:00 ;
E1:85:D2:00:00:00 ;Group address (multicast MAC address)
42:F0:73:00:00:00 ;Locally administered MAC address
67:F9:20:00:00:00 ;Group address (multicast MAC address)
CC:BF:5D:00:00:00 ;
EE:C6:73:00:00:00 ;Locally administered MAC address
13:16:38:00:00:00 ;Group address (multicast MAC address)
08:D2:3E:00:00:00 ;Intel Corporate 
6B:F2:52:00:00:00 ;Group address (multicast MAC address)
E3:DE:B9:00:00:00 ;Group address (multicast MAC address)
49:02:31:00:00:00 ;Group address (multicast MAC address)
4A:B8:9E:00:00:00 ;Locally administered MAC address
E4:9F:7E:00:00:00 ;
FF:0E:44:00:00:00 ;Group address (multicast MAC address)
6B:91:90:00:00:00 ;Group address (multicast MAC address)
26:17:28:00:00:00 ;Locally administered MAC address
EA:04:E4:00:00:00 ;Locally administered MAC address
45:82:75:00:00:00 ;Group address (multicast MAC address)
64:27:37:00:00:00 ;Hon Hai Precision Ind. Co.,Ltd. 
FC:3F:2D:00:00:00 ;
5E:66:23:00:00:00 ;Locally administered MAC address
D4:9C:1C:00:00:00 ;
60:B6:EF:00:00:00 ;
7D:23:5F:00:00:00 ;Group address (multicast MAC address)
64:1E:3F:00:00:00 ;
D6:43:13:00:00:00 ;Locally administered MAC address
65:18:A4:00:00:00 ;Group address (multicast MAC address)
F6:4F:7B:00:00:00 ;Locally administered MAC address
6E:9C:82:00:00:00 ;Locally administered MAC address
E5:E2:FF:00:00:00 ;Group address (multicast MAC address)
D2:A4:B9:00:00:00 ;Locally administered MAC address
E1:65:85:00:00:00 ;Group address (multicast MAC address)
F3:4E:E9:00:00:00 ;Group address (multicast MAC address)
C4:04:8B:00:00:00 ;
43:C8:51:00:00:00 ;Group address (multicast MAC address)
5B:53:1F:00:00:00 ;Group address (multicast MAC address)
58:D0:1E:00:00:00 ;
ED:09:29:00:00:00 ;Group address (multicast MAC address)
FF:E3:85:00:00:00 ;Group address (multicast MAC address)
DC:7F:A7:00:00:00 ;
C4:0B:83:00:00:00 ;
6D:8C:34:00:00:00 ;Group address (multicast MAC address)
C4:99:F9:00:00:00 ;
4B:E2:10:00:00:00 ;Group address (multicast MAC address)
2A:6B:02:00:00:00 ;Locally administered MAC address
60:60:8F:00:00:00 ;
0F:C3:0B:00:00:00 ;Group address (multicast MAC address)
48:9A:4F:00:00:00 ;
44:20:8C:00:00:00 ;
26:51:88:00:00:00 ;Locally administered MAC address
5C:8B:A9:00:00:00 ;
E1:54:C0:00:00:00 ;Group address (multicast MAC address)
DC:AC:78:00:00:00 ;
6C:B7:40:00:00:00 ;
F8:8E:B0:00:00:00 ;
55:13:48:00:00:00 ;Group address (multicast MAC address)
5A:D6:B4:00:00:00 ;Locally administered MAC address
7C:7F:CE:00:00:00 ;
1C:71:5B:00:00:00 ;
5C:12:49:00:00:00 ;
73:31:A6:00:00:00 ;Group address (multicast MAC address)
74:AF:67:00:00:00 ;
51:6B:69:00:00:00 ;Group address (multicast MAC address)
E3:8A:7D:00:00:00 ;Group address (multicast MAC address)
6E:17:C4:00:00:00 ;Locally administered MAC address
3C:96:9E:00:00:00 ;
73:B3:86:00:00:00 ;Group address (multicast MAC address)
64:77:6F:00:00:00 ;
58:FF:37:00:00:00 ;
5E:81:9A:00:00:00 ;Locally administered MAC address
D8:38:E2:00:00:00 ;
44:20:C9:00:00:00;
42:F6:5A:00:00:00 ;Locally administered MAC address
5B:59:3E:00:00:00 ;Group address (multicast MAC address)
6B:F0:15:00:00:00 ;Group address (multicast MAC address)
F1:42:37:00:00:00 ;Group address (multicast MAC address)
4E:0B:D9:00:00:00 ;Locally administered MAC address
54:B1:44:00:00:00 ;
75:F6:8C:00:00:00 ;Group address (multicast MAC address)
5B:F3:7D:00:00:00 ;Group address (multicast MAC address)
7D:AC:2F:00:00:00 ;Group address (multicast MAC address)
7C:12:85:00:00:00 ;
6A:06:C9:00:00:00 ;Locally administered MAC address
7A:BA:39:00:00:00 ;Locally administered MAC address
F7:68:F5:00:00:00 ;Group address (multicast MAC address)
E5:D2:4D:00:00:00 ;Group address (multicast MAC address)
D4:6F:41:00:00:00 ;
F6:24:0C:00:00:00 ;Locally administered MAC address
7E:73:67:00:00:00 ;Locally administered MAC address
C7:ED:69:00:00:00 ;Group address (multicast MAC address)
C4:30:73:00:00:00 ;
CA:65:30:00:00:00 ;Locally administered MAC address
E4:CF:58:00:00:00 ;
6D:DC:8F:00:00:00 ;Group address (multicast MAC address)
1E:1F:66:00:00:00 ;Locally administered MAC address
F0:32:7F:00:00:00 ;
76:9B:EF:00:00:00 ;Locally administered MAC address
71:48:9A:00:00:00 ;Group address (multicast MAC address)
C0:19:2D:00:00:00 ;
51:29:0E:00:00:00 ;Group address (multicast MAC address)
49:14:AC:00:00:00 ;Group address (multicast MAC address)
68:CE:C0:00:00:00 ;
4C:3B:EF:00:00:00 ;
65:A5:DC:00:00:00 ;Group address (multicast MAC address)
44:67:D5:00:00:00 ;
61:C5:5A:00:00:00 ;Group address (multicast MAC address)
5C:48:EF:00:00:00 ;
D4:36:4A:00:00:00 ;
64:1C:F6:00:00:00 ;
CD:75:46:00:00:00 ;Group address (multicast MAC address)
42:F7:14:00:00:00 ;Locally administered MAC address
C1:BF:60:00:00:00 ;Group address (multicast MAC address)
D2:34:15:00:00:00 ;Locally administered MAC address
7F:3A:76:00:00:00 ;Group address (multicast MAC address)
51:5A:13:00:00:00 ;Group address (multicast MAC address)
68:29:70:00:00:00 ;
20:0E:AA:00:00:00 ;
69:BD:82:00:00:00 ;Group address (multicast MAC address)
52:D3:15:00:00:00 ;Locally administered MAC address
60:13:46:00:00:00 ;
73:86:7B:00:00:00 ;Group address (multicast MAC address)
4B:50:84:00:00:00 ;Group address (multicast MAC address)
7B:AE:C5:00:00:00 ;Group address (multicast MAC address)
E7:77:D2:00:00:00 ;Group address (multicast MAC address)
47:53:24:00:00:00 ;Group address (multicast MAC address)
52:22:8A:00:00:00 ;Locally administered MAC address
46:5D:3F:00:00:00 ;Locally administered MAC address
51:DB:5B:00:00:00 ;Group address (multicast MAC address)
72:A0:6A:00:00:00 ;Locally administered MAC address
E4:87:C2:00:00:00 ;
FA:08:D6:00:00:00 ;Locally administered MAC address
6B:9A:8B:00:00:00 ;Group address (multicast MAC address)
7C:63:3C:00:00:00 ;
47:48:9B:00:00:00 ;Group address (multicast MAC address)
7B:48:AC:00:00:00 ;Group address (multicast MAC address)
31:21:AA:00:00:00 ;Group address (multicast MAC address)
40:69:47:00:00:00 ;
6F:CB:A6:00:00:00 ;Group address (multicast MAC address)
7D:DB:41:00:00:00 ;Group address (multicast MAC address)
EB:4F:5C:00:00:00 ;Group address (multicast MAC address)
70:99:8F:00:00:00 ;
5C:15:29:00:00:00 ;
C5:D4:6D:00:00:00 ;Group address (multicast MAC address)
D3:70:E7:00:00:00 ;Group address (multicast MAC address)
DF:81:1C:00:00:00 ;Group address (multicast MAC address)
66:74:2A:00:00:00 ;Locally administered MAC address
CF:67:FF:00:00:00 ;Group address (multicast MAC address)
DA:FC:60:00:00:00 ;Locally administered MAC address
DF:34:97:00:00:00 ;Group address (multicast MAC address)
61:61:51:00:00:00 ;Group address (multicast MAC address)
D9:BB:31:00:00:00 ;Group address (multicast MAC address)
4B:BC:E5:00:00:00 ;Group address (multicast MAC address)
59:E8:41:00:00:00 ;Group address (multicast MAC address)
DE:34:A2:00:00:00 ;Locally administered MAC address
F3:FA:08:00:00:00 ;Group address (multicast MAC address)
F0:E7:A0:00:00:00 ;
7D:30:57:00:00:00 ;Group address (multicast MAC address)
67:08:C4:00:00:00 ;Group address (multicast MAC address)
56:EC:61:00:00:00 ;Locally administered MAC address
E6:71:03:00:00:00 ;Locally administered MAC address
F9:5B:78:00:00:00 ;Group address (multicast MAC address)
5C:23:62:00:00:00 ;
C7:87:1E:00:00:00 ;Group address (multicast MAC address)
50:61:D7:00:00:00 ;
CC:02:C2:00:00:00 ;
67:8B:88:00:00:00 ;Group address (multicast MAC address)
50:D7:5E:00:00:00 ;
FD:C9:E2:00:00:00 ;Group address (multicast MAC address)
F7:1A:57:00:00:00 ;Group address (multicast MAC address)
E6:93:DB:00:00:00 ;Locally administered MAC address
51:FA:D6:00:00:00 ;Group address (multicast MAC address)
EE:F9:5C:00:00:00 ;Locally administered MAC address
EF:B8:33:00:00:00 ;Group address (multicast MAC address)
D8:22:B3:00:00:00 ;
06:75:91:00:00:00 ;Locally administered MAC address
6F:16:93:00:00:00 ;Group address (multicast MAC address)
57:47:7E:00:00:00 ;Group address (multicast MAC address)
73:C3:2A:00:00:00 ;Group address (multicast MAC address)
57:AE:86:00:00:00 ;Group address (multicast MAC address)
49:1C:FF:00:00:00 ;Group address (multicast MAC address)
7C:5F:47:00:00:00 ;
DA:E8:E3:00:00:00 ;Locally administered MAC address
52:F3:21:00:00:00 ;Locally administered MAC address
73:7C:78:00:00:00 ;Group address (multicast MAC address)
72:8E:A8:00:00:00 ;Locally administered MAC address
4D:19:22:00:00:00 ;Group address (multicast MAC address)
75:2A:7B:00:00:00 ;Group address (multicast MAC address)
05:CD:82:00:00:00 ;Group address (multicast MAC address)
CE:BF:3E:00:00:00 ;Locally administered MAC address
F4:17:A3:00:00:00 ;
C6:C6:F0:00:00:00 ;Locally administered MAC address
52:92:AC:00:00:00 ;Locally administered MAC address
D1:AE:15:00:00:00 ;Group address (multicast MAC address)
7A:A7:21:00:00:00 ;Locally administered MAC address
CB:60:B8:00:00:00 ;Group address (multicast MAC address)
6B:83:95:00:00:00 ;Group address (multicast MAC address)
D1:71:04:00:00:00 ;Group address (multicast MAC address)
44:0C:24:00:00:00 ;
57:83:93:00:00:00 ;Group address (multicast MAC address)
69:63:3E:00:00:00 ;Group address (multicast MAC address)
62:6E:88:00:00:00 ;Locally administered MAC address
E3:AF:60:00:00:00 ;Group address (multicast MAC address)
02:EC:11:00:00:00 ;Locally administered MAC address
D7:AD:24:00:00:00 ;Group address (multicast MAC address)
D8:8B:A1:00:00:00 ;
F8:BF:24:00:00:00 ;
EF:20:A3:00:00:00 ;Group address (multicast MAC address)
C2:A2:71:00:00:00 ;Locally administered MAC address
FA:1D:D2:00:00:00 ;Locally administered MAC address
E5:01:AB:00:00:00 ;Group address (multicast MAC address)
E6:36:75:00:00:00 ;Locally administered MAC address
F4:01:CB:00:00:00 ;
EC:54:67:00:00:00 ;
D8:DC:BD:00:00:00 ;
CF:9A:7C:00:00:00 ;Group address (multicast MAC address)
EF:BA:A8:00:00:00 ;Group address (multicast MAC address)
E5:63:87:00:00:00 ;Group address (multicast MAC address)
EF:4B:ED:00:00:00 ;Group address (multicast MAC address)
EA:A3:54:00:00:00 ;Locally administered MAC address
FD:A8:FA:00:00:00 ;Group address (multicast MAC address)
D2:50:39:00:00:00 ;Locally administered MAC address
D3:A3:CE:00:00:00 ;Group address (multicast MAC address)
D2:D4:E6:00:00:00 ;Locally administered MAC address
E1:3E:C2:00:00:00 ;Group address (multicast MAC address)
FD:43:98:00:00:00 ;Group address (multicast MAC address)
FB:A7:34:00:00:00 ;Group address (multicast MAC address)
7B:6A:69:00:00:00 ;Group address (multicast MAC address)
4A:5C:7B:00:00:00 ;Locally administered MAC address
6D:CE:5A:00:00:00 ;Group address (multicast MAC address)
64:DE:0D:00:00:00 ;
4A:81:1B:00:00:00 ;Locally administered MAC address
DC:86:01:00:00:00 ;
DD:06:F5:00:00:00 ;Group address (multicast MAC address)
C3:46:FA:00:00:00 ;Group address (multicast MAC address)
ED:76:3B:00:00:00 ;Group address (multicast MAC address)
7E:20:BA:00:00:00 ;Locally administered MAC address
7B:82:9D:00:00:00 ;Group address (multicast MAC address)
ED:B4:F2:00:00:00 ;Group address (multicast MAC address)
E3:EB:6E:00:00:00 ;Group address (multicast MAC address)
64:15:03:00:00:00 ;
56:62:7B:00:00:00 ;Locally administered MAC address
D4:6D:B5:00:00:00 ;
EF:5A:69:00:00:00 ;Group address (multicast MAC address)
D4:70:1D:00:00:00 ;
F0:71:00:00:00:00 ;
CE:19:DC:00:00:00 ;Locally administered MAC address
7A:2C:2C:00:00:00 ;Locally administered MAC address
C7:14:9E:00:00:00 ;Group address (multicast MAC address)
D4:A3:07:00:00:00 ;
CD:66:7B:00:00:00 ;Group address (multicast MAC address)
DA:A2:1F:00:00:00 ;Locally administered MAC address
C6:C7:AC:00:00:00 ;Locally administered MAC address
C3:61:18:00:00:00 ;Group address (multicast MAC address)
F5:33:66:00:00:00 ;Group address (multicast MAC address)
F8:4F:44:00:00:00 ;
D8:F0:5E:00:00:00 ;
EE:5C:6A:00:00:00 ;Locally administered MAC address
D6:63:D1:00:00:00 ;Locally administered MAC address
F7:63:19:00:00:00 ;Group address (multicast MAC address)
43:CB:BE:00:00:00 ;Group address (multicast MAC address)
71:90:FC:00:00:00 ;Group address (multicast MAC address)
5B:27:47:00:00:00 ;Group address (multicast MAC address)
C8:09:A8:00:00:00 ;Intel Corporate 
60:FF:17:00:00:00 ;
61:9F:D5:00:00:00 ;Group address (multicast MAC address)
D0:24:4A:00:00:00 ;
CD:37:EB:00:00:00 ;Group address (multicast MAC address)
5D:3D:E2:00:00:00 ;Group address (multicast MAC address)
21:94:57:00:00:00 ;Group address (multicast MAC address)
65:4A:F9:00:00:00 ;Group address (multicast MAC address)
57:6C:0D:00:00:00 ;Group address (multicast MAC address)
6B:0B:ED:00:00:00 ;Group address (multicast MAC address)
D8:A8:43:00:00:00 ;
00:5F:CA:00:00:00 ;
4D:4F:25:00:00:00 ;Group address (multicast MAC address)
5F:DD:93:00:00:00 ;Group address (multicast MAC address)
51:41:C1:00:00:00 ;Group address (multicast MAC address)
CE:C5:7C:00:00:00 ;Locally administered MAC address
5E:A5:49:00:00:00 ;Locally administered MAC address
D0:02:AB:00:00:00 ;
E4:32:AC:00:00:00 ;
FF:92:77:00:00:00 ;Group address (multicast MAC address)
C2:30:4A:00:00:00 ;Locally administered MAC address
4B:C7:4A:00:00:00 ;Group address (multicast MAC address)
CC:A0:DC:00:00:00 ;
4C:13:B3:00:00:00 ;
12:DD:D4:00:00:00 ;Locally administered MAC address
53:7D:FA:00:00:00 ;Group address (multicast MAC address)
1E:BC:A7:00:00:00 ;Locally administered MAC address
D7:DD:93:00:00:00 ;Group address (multicast MAC address)
D6:B7:A4:00:00:00 ;Locally administered MAC address
5B:F6:94:00:00:00 ;Group address (multicast MAC address)
72:BC:7B:00:00:00 ;Locally administered MAC address
D0:C2:4E:00:00:00 ;Samsung Electronics Co.,Ltd 
E6:13:B9:00:00:00 ;Locally administered MAC address
2D:43:15:00:00:00 ;Group address (multicast MAC address)
69:9B:4F:00:00:00 ;Group address (multicast MAC address)
63:35:21:00:00:00 ;Group address (multicast MAC address)
63:B2:8C:00:00:00 ;Group address (multicast MAC address)
5B:BB:7A:00:00:00 ;Group address (multicast MAC address)
36:9C:54:00:00:00 ;Locally administered MAC address
45:F0:7D:00:00:00 ;Group address (multicast MAC address)
42:F7:3A:00:00:00 ;Locally administered MAC address
E4:B1:E3:00:00:00 ;
49:67:22:00:00:00 ;Group address (multicast MAC address)
4C:58:FC:00:00:00 ;
DA:97:B2:00:00:00 ;Locally administered MAC address
51:B0:F7:00:00:00 ;Group address (multicast MAC address)
3F:5D:8C:00:00:00 ;Group address (multicast MAC address)
D7:3C:38:00:00:00 ;Group address (multicast MAC address)
52:3E:1F:00:00:00 ;Locally administered MAC address
6D:AB:37:00:00:00 ;Group address (multicast MAC address)
D1:3F:68:00:00:00 ;Group address (multicast MAC address)
70:83:CA:00:00:00 ;
78:1C:45:00:00:00 ;
7D:2C:5A:00:00:00 ;Group address (multicast MAC address)
48:0E:C8:00:00:00 ;
71:9A:1B:00:00:00 ;Group address (multicast MAC address)
6B:DA:CA:00:00:00 ;Group address (multicast MAC address)
65:9E:5E:00:00:00 ;Group address (multicast MAC address)
52:D3:B9:00:00:00 ;Locally administered MAC address
4C:A5:D8:00:00:00 ;
EC:00:6E:00:00:00 ;
7C:50:8B:00:00:00 ;
77:B1:1F:00:00:00 ;Group address (multicast MAC address)
4E:89:16:00:00:00 ;Locally administered MAC address
D0:DF:24:00:00:00 ;
38:43:E5:00:00:00 ;Grotech Inc 
5F:C5:E0:00:00:00 ;Group address (multicast MAC address)
2F:4D:FD:00:00:00 ;Group address (multicast MAC address)
78:DE:F3:00:00:00 ;
48:B7:6F:00:00:00 ;
55:63:2D:00:00:00 ;Group address (multicast MAC address)
7C:7D:F1:00:00:00 ;
34:8B:66:00:00:00 ;
40:68:94:00:00:00 ;
7E:5D:16:00:00:00 ;Locally administered MAC address
5C:12:20:00:00:00 ;
74:D6:94:00:00:00 ;
70:47:2D:00:00:00 ;
66:3D:82:00:00:00 ;Locally administered MAC address
46:36:70:00:00:00 ;Locally administered MAC address
16:47:96:00:00:00 ;Locally administered MAC address
11:A0:47:00:00:00 ;Group address (multicast MAC address)
6F:11:97:00:00:00 ;Group address (multicast MAC address)
DB:86:F9:00:00:00 ;Group address (multicast MAC address)
55:8B:77:00:00:00 ;Group address (multicast MAC address)
CA:64:93:00:00:00 ;Locally administered MAC address
7E:38:03:00:00:00 ;Locally administered MAC address
E6:A9:9A:00:00:00 ;Locally administered MAC address
EE:9F:39:00:00:00 ;Locally administered MAC address
5C:36:EB:00:00:00 ;
7F:8C:71:00:00:00 ;Group address (multicast MAC address)
67:76:69:00:00:00 ;Group address (multicast MAC address)
D7:45:90:00:00:00 ;Group address (multicast MAC address)
7C:0E:81:00:00:00 ;
69:34:26:00:00:00 ;Group address (multicast MAC address)
EE:08:52:00:00:00 ;Locally administered MAC address
7F:62:32:00:00:00 ;Group address (multicast MAC address)
57:D6:EC:00:00:00 ;Group address (multicast MAC address)
54:C4:A6:00:00:00 ;
E1:AC:A9:00:00:00 ;Group address (multicast MAC address)
4A:38:7A:00:00:00 ;Locally administered MAC address
7A:52:BA:00:00:00 ;Locally administered MAC address
E0:03:6A:00:00:00 ;
64:E2:FB:00:00:00 ;
4C:D0:A8:00:00:00 ;
3E:15:F9:00:00:00 ;Locally administered MAC address
5A:0C:04:00:00:00 ;Locally administered MAC address
61:7A:0C:00:00:00 ;Group address (multicast MAC address)
3B:27:49:00:00:00 ;Group address (multicast MAC address)
75:1E:4B:00:00:00 ;Group address (multicast MAC address)
4A:5E:D9:00:00:00 ;Locally administered MAC address
4F:EC:A4:00:00:00 ;Group address (multicast MAC address)
55:47:37:00:00:00 ;Group address (multicast MAC address)
EB:2E:D3:00:00:00 ;Group address (multicast MAC address)
5F:A6:03:00:00:00 ;Group address (multicast MAC address)
50:8A:3D:00:00:00 ;
77:07:EA:00:00:00 ;Group address (multicast MAC address)
56:6D:3E:00:00:00 ;Locally administered MAC address
7B:62:B8:00:00:00 ;Group address (multicast MAC address)
5F:08:23:00:00:00 ;Group address (multicast MAC address)
4E:C7:30:00:00:00 ;Locally administered MAC address
7A:1F:BF:00:00:00 ;Locally administered MAC address
57:D4:EF:00:00:00 ;Group address (multicast MAC address)
EB:4C:95:00:00:00 ;Group address (multicast MAC address)
E8:E7:31:00:00:00 ;
58:79:C0:00:00:00 ;
C8:97:5C:00:00:00 ;
77:53:54:00:00:00 ;Group address (multicast MAC address)
DA:56:A1:00:00:00 ;Locally administered MAC address
7E:1A:66:00:00:00 ;Locally administered MAC address
D9:DF:56:00:00:00 ;Group address (multicast MAC address)
D5:D7:DC:00:00:00 ;Group address (multicast MAC address)
5A:08:F9:00:00:00 ;Locally administered MAC address
EB:2B:EF:00:00:00 ;Group address (multicast MAC address)
6B:10:87:00:00:00 ;Group address (multicast MAC address)
65:37:8F:00:00:00 ;Group address (multicast MAC address)
CF:E7:29:00:00:00 ;Group address (multicast MAC address)
FE:BF:5D:00:00:00 ;Locally administered MAC address
2C:7E:11:00:00:00 ;
7A:C9:45:00:00:00 ;Locally administered MAC address
CE:57:E6:00:00:00 ;Locally administered MAC address
DF:35:70:00:00:00 ;Group address (multicast MAC address)
41:54:C4:00:00:00 ;Group address (multicast MAC address)
75:D0:90:00:00:00 ;Group address (multicast MAC address)
08:A6:91:00:00:00 ;
63:36:30:00:00:00 ;Group address (multicast MAC address)
50:E4:F6:00:00:00 ;
3B:D0:2C:00:00:00 ;Group address (multicast MAC address)
E1:60:A9:00:00:00 ;Group address (multicast MAC address)
E4:C7:1E:00:00:00 ;
EC:62:60:00:00:00 ;Espressif Inc. 
D5:0B:91:00:00:00 ;Group address (multicast MAC address)
C5:29:6B:00:00:00 ;Group address (multicast MAC address)
6E:2E:65:00:00:00 ;Locally administered MAC address
6E:E7:2B:00:00:00 ;Locally administered MAC address
F3:C6:95:00:00:00 ;Group address (multicast MAC address)
F6:44:6B:00:00:00 ;Locally administered MAC address
49:44:74:00:00:00 ;Group address (multicast MAC address)
41:DA:7C:00:00:00 ;Group address (multicast MAC address)
64:A3:4F:00:00:00 ;
FF:57:4E:00:00:00 ;Group address (multicast MAC address)
77:89:86:00:00:00 ;Group address (multicast MAC address)
63:B4:0C:00:00:00 ;Group address (multicast MAC address)
3E:3D:86:00:00:00 ;Locally administered MAC address
C2:95:4D:00:00:00 ;Locally administered MAC address
4B:BC:F1:00:00:00 ;Group address (multicast MAC address)
C3:A8:CA:00:00:00 ;Group address (multicast MAC address)
45:C2:FF:00:00:00 ;Group address (multicast MAC address)
EB:C2:98:00:00:00 ;Group address (multicast MAC address)
61:06:F4:00:00:00 ;Group address (multicast MAC address)
44:25:24:00:00:00 ;
7D:1E:0A:00:00:00 ;Group address (multicast MAC address)
E2:71:EA:00:00:00 ;Locally administered MAC address
DA:12:CB:00:00:00 ;Locally administered MAC address
D0:18:86:00:00:00 ;
5F:0C:69:00:00:00 ;Group address (multicast MAC address)
FB:6D:C2:00:00:00 ;Group address (multicast MAC address)
1C:01:A9:00:00:00 ;
69:43:D8:00:00:00 ;Group address (multicast MAC address)
68:90:AF:00:00:00 ;
56:18:A2:00:00:00 ;Locally administered MAC address
6A:7D:F8:00:00:00 ;Locally administered MAC address
C6:36:04:00:00:00 ;Locally administered MAC address
7B:B2:A8:00:00:00 ;Group address (multicast MAC address)
63:61:98:00:00:00 ;Group address (multicast MAC address)
4F:9A:E6:00:00:00 ;Group address (multicast MAC address)
3D:30:B3:00:00:00 ;Group address (multicast MAC address)
5D:92:20:00:00:00 ;Group address (multicast MAC address)
4F:EC:36:00:00:00 ;Group address (multicast MAC address)
6B:D4:0F:00:00:00 ;Group address (multicast MAC address)
CF:3C:AB:00:00:00 ;Group address (multicast MAC address)
F0:E2:48:00:00:00 ;
6B:46:2E:00:00:00 ;Group address (multicast MAC address)
65:3F:77:00:00:00 ;Group address (multicast MAC address)
5A:6C:A6:00:00:00 ;Locally administered MAC address
DA:E2:9B:00:00:00 ;Locally administered MAC address
65:51:E2:00:00:00 ;Group address (multicast MAC address)
6A:B3:60:00:00:00 ;Locally administered MAC address
C0:1D:9D:00:00:00 ;
E9:13:84:00:00:00 ;Group address (multicast MAC address)
FB:16:D0:00:00:00 ;Group address (multicast MAC address)
E7:26:F0:00:00:00 ;Group address (multicast MAC address)
58:4F:F2:00:00:00 ;
C1:AE:F9:00:00:00 ;Group address (multicast MAC address)
47:CE:4B:00:00:00 ;Group address (multicast MAC address)
69:DC:1B:00:00:00 ;Group address (multicast MAC address)
5C:91:5D:00:00:00 ;
46:69:74:00:00:00 ;Locally administered MAC address
6B:B7:6D:00:00:00 ;Group address (multicast MAC address)
CA:1E:4A:00:00:00 ;Locally administered MAC address
FF:7B:AF:00:00:00 ;Group address (multicast MAC address)
68:81:3B:00:00:00 ;
E9:E1:ED:00:00:00 ;Group address (multicast MAC address)
24:11:67:00:00:00 ;
57:DB:AF:00:00:00 ;Group address (multicast MAC address)
2E:CB:E6:00:00:00 ;Locally administered MAC address
C3:10:A1:00:00:00 ;Group address (multicast MAC address)
E9:7E:8A:00:00:00 ;Group address (multicast MAC address)
FC:58:FA:00:00:00 ;Shen Zhen Shi Xin Zhong Xin Technology Co.,Ltd. 
5C:33:17:00:00:00 ;
73:0A:16:00:00:00 ;Group address (multicast MAC address)
7F:8F:04:00:00:00 ;Group address (multicast MAC address)
F0:49:98:00:00:00 ;
C5:E0:C6:00:00:00 ;Group address (multicast MAC address)
C9:CB:51:00:00:00 ;Group address (multicast MAC address)
ED:12:DB:00:00:00 ;Group address (multicast MAC address)
65:C9:86:00:00:00 ;Group address (multicast MAC address)
E3:94:69:00:00:00 ;Group address (multicast MAC address)
53:F5:B9:00:00:00 ;Group address (multicast MAC address)
CD:78:F5:00:00:00 ;Group address (multicast MAC address)
DF:EA:DF:00:00:00 ;Group address (multicast MAC address)
40:10:30:00:00:00 ;
F5:52:A4:00:00:00 ;Group address (multicast MAC address)
69:30:AB:00:00:00 ;Group address (multicast MAC address)
7E:E4:F6:00:00:00 ;Locally administered MAC address
78:B6:C4:00:00:00 ;
79:1F:68:00:00:00 ;Group address (multicast MAC address)
43:78:E9:00:00:00 ;Group address (multicast MAC address)
FC:80:7F:00:00:00 ;
C5:76:EB:00:00:00 ;Group address (multicast MAC address)
71:CB:54:00:00:00 ;Group address (multicast MAC address)
DE:09:67:00:00:00 ;Locally administered MAC address
70:F8:03:00:00:00 ;
28:FA:B9:00:00:00 ;
4B:86:D2:00:00:00 ;Group address (multicast MAC address)
77:2B:15:00:00:00 ;Group address (multicast MAC address)
E4:8D:A7:00:00:00 ;
27:20:53:00:00:00 ;Group address (multicast MAC address)
63:8D:33:00:00:00 ;Group address (multicast MAC address)
60:26:55:00:00:00 ;
6E:AE:9F:00:00:00 ;Locally administered MAC address
71:E5:01:00:00:00 ;Group address (multicast MAC address)
2F:53:3E:00:00:00 ;Group address (multicast MAC address)
F8:AF:05:00:00:00 ;Huawei Device Co., Ltd. 
57:41:A8:00:00:00 ;Group address (multicast MAC address)
57:5B:12:00:00:00 ;Group address (multicast MAC address)
68:D9:D3:00:00:00 ;
5D:49:28:00:00:00 ;Group address (multicast MAC address)
71:A3:55:00:00:00 ;Group address (multicast MAC address)
98:09:CF:00:00:00 ;OnePlus Technology (Shenzhen) Co., Ltd 
40:A3:F6:00:00:00 ;
65:9F:E7:00:00:00 ;Group address (multicast MAC address)
ED:E6:32:00:00:00 ;Group address (multicast MAC address)
45:F8:6A:00:00:00 ;Group address (multicast MAC address)
50:3A:D7:00:00:00 ;
4D:65:15:00:00:00 ;Group address (multicast MAC address)
F2:C1:70:00:00:00 ;Locally administered MAC address
69:2D:89:00:00:00 ;Group address (multicast MAC address)
47:25:C6:00:00:00 ;Group address (multicast MAC address)
74:03:EF:00:00:00 ;
5A:05:98:00:00:00 ;Locally administered MAC address
15:FF:80:00:00:00 ;Group address (multicast MAC address)
49:08:5A:00:00:00 ;Group address (multicast MAC address)
6D:F4:83:00:00:00 ;Group address (multicast MAC address)
C1:E6:D4:00:00:00 ;Group address (multicast MAC address)
59:AF:94:00:00:00 ;Group address (multicast MAC address)
55:06:5B:00:00:00 ;Group address (multicast MAC address)
F0:FE:D3:00:00:00 ;
5E:79:85:00:00:00 ;Locally administered MAC address
5F:4D:D0:00:00:00 ;Group address (multicast MAC address)
57:C3:E4:00:00:00 ;Group address (multicast MAC address)
D4:C2:5F:00:00:00 ;
D3:69:88:00:00:00 ;Group address (multicast MAC address)
18:7C:59:00:00:00 ;
29:BD:9D:00:00:00 ;Group address (multicast MAC address)
4E:59:F3:00:00:00 ;Locally administered MAC address
60:DC:15:00:00:00 ;
5C:72:A5:00:00:00 ;
EB:76:23:00:00:00 ;Group address (multicast MAC address)
57:59:5C:00:00:00 ;Group address (multicast MAC address)
C5:6E:F4:00:00:00 ;Group address (multicast MAC address)
51:A8:FE:00:00:00 ;Group address (multicast MAC address)
CE:79:1E:00:00:00 ;Locally administered MAC address
DB:59:05:00:00:00 ;Group address (multicast MAC address)
C6:7E:11:00:00:00 ;Locally administered MAC address
C4:3D:2C:00:00:00 ;
C4:AB:AC:00:00:00 ;
FE:43:CE:00:00:00 ;Locally administered MAC address
3F:93:69:00:00:00 ;Group address (multicast MAC address)
D2:83:67:00:00:00 ;Locally administered MAC address
C3:5C:1D:00:00:00 ;Group address (multicast MAC address)
22:1E:A3:00:00:00 ;Locally administered MAC address
5D:75:85:00:00:00 ;Group address (multicast MAC address)
90:65:60:00:00:00 ;EM Microelectronic 
E7:25:1E:00:00:00 ;Group address (multicast MAC address)
C4:20:91:00:00:00 ;
D6:E8:C0:00:00:00 ;Locally administered MAC address
C6:AC:F3:00:00:00 ;Locally administered MAC address
DE:C3:79:00:00:00 ;Locally administered MAC address
C5:53:06:00:00:00 ;Group address (multicast MAC address)
E4:7A:7E:00:00:00 ;
0C:7E:44:00:00:00 ;
56:29:5B:00:00:00 ;Locally administered MAC address
5A:E9:AE:00:00:00 ;Locally administered MAC address
65:2F:55:00:00:00 ;Group address (multicast MAC address)
4D:13:22:00:00:00 ;Group address (multicast MAC address)
C0:77:04:00:00:00 ;
4F:6C:13:00:00:00 ;Group address (multicast MAC address)
37:4A:3F:00:00:00 ;Group address (multicast MAC address)
DC:F5:0E:00:00:00 ;
44:06:33:00:00:00 ;
7D:20:A3:00:00:00 ;Group address (multicast MAC address)
CA:0C:99:00:00:00 ;Locally administered MAC address
EE:C2:B7:00:00:00 ;Locally administered MAC address
53:F8:1F:00:00:00 ;Group address (multicast MAC address)
68:A0:04:00:00:00 ;
76:6D:CB:00:00:00 ;Locally administered MAC address
4E:C1:F5:00:00:00 ;Locally administered MAC address
C9:47:A3:00:00:00 ;Group address (multicast MAC address)
40:1D:E1:00:00:00 ;
DC:C8:2D:00:00:00 ;
D5:4B:C2:00:00:00 ;Group address (multicast MAC address)
DE:64:AE:00:00:00 ;Locally administered MAC address
C1:09:97:00:00:00 ;Group address (multicast MAC address)
CB:0C:FB:00:00:00 ;Group address (multicast MAC address)
C9:7F:70:00:00:00 ;Group address (multicast MAC address)
3B:6A:78:00:00:00 ;Group address (multicast MAC address)
77:7F:50:00:00:00 ;Group address (multicast MAC address)
DF:10:FC:00:00:00 ;Group address (multicast MAC address)
EA:10:52:00:00:00 ;Locally administered MAC address
59:A8:EA:00:00:00 ;Group address (multicast MAC address)
46:82:EA:00:00:00 ;Locally administered MAC address
52:46:FC:00:00:00 ;Locally administered MAC address
52:FD:FF:00:00:00 ;Locally administered MAC address
52:39:CD:00:00:00 ;Locally administered MAC address
43:06:6A:00:00:00 ;Group address (multicast MAC address)
E3:1F:B5:00:00:00 ;Group address (multicast MAC address)
FC:83:CC:00:00:00 ;
63:19:E7:00:00:00 ;Group address (multicast MAC address)
4D:04:E7:00:00:00 ;Group address (multicast MAC address)
79:72:87:00:00:00 ;Group address (multicast MAC address)
C6:FB:4A:00:00:00 ;Locally administered MAC address
3C:22:FB:00:00:00 ;Apple, Inc. 
48:BA:89:00:00:00 ;
C6:74:55:00:00:00 ;Locally administered MAC address
55:AC:D0:00:00:00 ;Group address (multicast MAC address)
FD:7B:7D:00:00:00 ;Group address (multicast MAC address)
C6:EE:FC:00:00:00 ;Locally administered MAC address
68:A2:BD:00:00:00 ;
46:D1:9A:00:00:00 ;Locally administered MAC address
41:14:6C:00:00:00 ;Group address (multicast MAC address)
07:CD:40:00:00:00 ;Group address (multicast MAC address)
EF:BF:E2:00:00:00 ;Group address (multicast MAC address)
E3:76:3B:00:00:00 ;Group address (multicast MAC address)
C0:DB:1A:00:00:00 ;
DA:5F:D6:00:00:00 ;Locally administered MAC address
E7:5B:1D:00:00:00 ;Group address (multicast MAC address)
C1:D7:3A:00:00:00 ;Group address (multicast MAC address)
DB:B7:21:00:00:00 ;Group address (multicast MAC address)
DE:E5:F5:00:00:00 ;Locally administered MAC address
DC:52:0A:00:00:00 ;
E3:DA:9A:00:00:00 ;Group address (multicast MAC address)
C9:27:9A:00:00:00 ;Group address (multicast MAC address)
C8:FF:59:00:00:00 ;
C0:1D:86:00:00:00 ;
CE:19:7A:00:00:00 ;Locally administered MAC address
FD:21:D1:00:00:00 ;Group address (multicast MAC address)
1A:AA:0A:00:00:00 ;Locally administered MAC address
C2:A0:CD:00:00:00 ;Locally administered MAC address
CC:B5:14:00:00:00 ;
DE:7C:8F:00:00:00 ;Locally administered MAC address
FA:06:D8:00:00:00 ;Locally administered MAC address
CE:29:93:00:00:00 ;Locally administered MAC address
76:3D:45:00:00:00 ;Locally administered MAC address
EC:32:31:00:00:00 ;
D2:07:23:00:00:00 ;Locally administered MAC address
DE:1F:8C:00:00:00 ;Locally administered MAC address
DB:82:B2:00:00:00 ;Group address (multicast MAC address)
CF:64:93:00:00:00 ;Group address (multicast MAC address)
C4:97:CF:00:00:00 ;
C7:E2:5C:00:00:00 ;Group address (multicast MAC address)
37:DA:F6:00:00:00 ;Group address (multicast MAC address)
E6:AE:FD:00:00:00 ;Locally administered MAC address
ED:A3:9E:00:00:00 ;Group address (multicast MAC address)
C2:21:C2:00:00:00 ;Locally administered MAC address
D1:45:12:00:00:00 ;Group address (multicast MAC address)
5D:06:EC:00:00:00 ;Group address (multicast MAC address)
4D:C8:62:00:00:00 ;Group address (multicast MAC address)
68:45:71:00:00:00 ;Huawei Device Co., Ltd. 
66:0F:1B:00:00:00 ;Locally administered MAC address
D1:11:A9:00:00:00 ;Group address (multicast MAC address)
E7:DC:6D:00:00:00 ;Group address (multicast MAC address)
D7:ED:59:00:00:00 ;Group address (multicast MAC address)
C7:2C:0D:00:00:00 ;Group address (multicast MAC address)
C5:5E:AC:00:00:00 ;Group address (multicast MAC address)
DD:ED:91:00:00:00 ;Group address (multicast MAC address)
DC:8D:A3:00:00:00 ;
C3:80:FD:00:00:00 ;Group address (multicast MAC address)
C7:3F:B1:00:00:00 ;Group address (multicast MAC address)
DA:58:74:00:00:00 ;Locally administered MAC address
D7:FC:BE:00:00:00 ;Group address (multicast MAC address)
E3:0C:3E:00:00:00 ;Group address (multicast MAC address)
EC:4E:2E:00:00:00 ;
C2:CE:14:00:00:00 ;Locally administered MAC address
53:3B:EE:00:00:00 ;Group address (multicast MAC address)
DD:1A:8E:00:00:00 ;Group address (multicast MAC address)
48:4B:05:00:00:00 ;
EE:82:21:00:00:00 ;Locally administered MAC address
07:69:E3:00:00:00 ;Group address (multicast MAC address)
78:DC:51:00:00:00 ;
46:79:06:00:00:00 ;Locally administered MAC address
D8:A2:DF:00:00:00 ;
50:CC:BD:00:00:00 ;
E9:BF:8C:00:00:00 ;Group address (multicast MAC address)
41:79:A0:00:00:00 ;Group address (multicast MAC address)
77:6A:A8:00:00:00 ;Group address (multicast MAC address)
46:30:7C:00:00:00 ;Locally administered MAC address
73:43:52:00:00:00 ;Group address (multicast MAC address)
EB:94:0B:00:00:00 ;Group address (multicast MAC address)
F8:5E:A0:00:00:00 ;Intel Corporate 
7D:7E:89:00:00:00 ;Group address (multicast MAC address)
C3:77:51:00:00:00 ;Group address (multicast MAC address)
FB:E1:5D:00:00:00 ;Group address (multicast MAC address)
F6:78:C4:00:00:00 ;Locally administered MAC address
7B:5C:34:00:00:00 ;Group address (multicast MAC address)
6C:C8:7F:00:00:00 ;
EE:A1:A8:00:00:00 ;Locally administered MAC address
54:30:08:00:00:00 ;
CF:83:5A:00:00:00 ;Group address (multicast MAC address)
75:FA:42:00:00:00 ;Group address (multicast MAC address)
58:92:8C:00:00:00 ;
F9:08:59:00:00:00 ;Group address (multicast MAC address)
D9:4C:B8:00:00:00 ;Group address (multicast MAC address)
D4:7A:0B:00:00:00 ;
F9:DE:4E:00:00:00 ;Group address (multicast MAC address)
4D:6F:2C:00:00:00 ;Group address (multicast MAC address)
31:4A:99:00:00:00 ;Group address (multicast MAC address)
56:3A:55:00:00:00 ;Locally administered MAC address
F2:8B:8C:00:00:00 ;Locally administered MAC address
DC:E5:67:00:00:00 ;
21:C6:25:00:00:00 ;Group address (multicast MAC address)
53:2D:E6:00:00:00 ;Group address (multicast MAC address)
EB:B5:CF:00:00:00 ;Group address (multicast MAC address)
48:B2:0B:00:00:00 ;
6A:EF:D8:00:00:00 ;Locally administered MAC address
6F:F3:26:00:00:00 ;Group address (multicast MAC address)
64:76:4E:00:00:00 ;
C7:31:78:00:00:00 ;Group address (multicast MAC address)
69:2C:A4:00:00:00 ;Group address (multicast MAC address)
4D:C2:C1:00:00:00 ;Group address (multicast MAC address)
CA:77:44:00:00:00 ;Locally administered MAC address
D5:32:75:00:00:00 ;Group address (multicast MAC address)
44:23:F6:00:00:00 ;
49:BA:AA:00:00:00 ;Group address (multicast MAC address)
50:31:A8:00:00:00 ;
5A:37:7B:00:00:00 ;Locally administered MAC address
C6:49:13:00:00:00 ;Locally administered MAC address
43:85:8B:00:00:00 ;Group address (multicast MAC address)
D4:4A:D4:00:00:00 ;
CA:AE:56:00:00:00 ;Locally administered MAC address
45:C8:FD:00:00:00 ;Group address (multicast MAC address)
6E:6A:53:00:00:00 ;Locally administered MAC address
C8:7B:BC:00:00:00 ;
DE:1A:39:00:00:00 ;Locally administered MAC address
D8:86:BE:00:00:00 ;
CB:42:8F:00:00:00 ;Group address (multicast MAC address)
EE:0C:5F:00:00:00 ;Locally administered MAC address
64:D3:38:00:00:00 ;
C5:03:B8:00:00:00 ;Group address (multicast MAC address)
E1:25:16:00:00:00 ;Group address (multicast MAC address)
D8:5D:23:00:00:00 ;
4E:62:7B:00:00:00 ;Locally administered MAC address
58:94:88:00:00:00 ;
56:74:28:00:00:00 ;Locally administered MAC address
6E:9E:FC:00:00:00 ;Locally administered MAC address
C0:AF:3E:00:00:00 ;
5C:17:CF:00:00:00 ;OnePlus Technology (Shenzhen) Co., Ltd 
D2:E6:B8:00:00:00 ;Locally administered MAC address
E5:50:E7:00:00:00 ;Group address (multicast MAC address)
26:4D:C4:00:00:00 ;Locally administered MAC address
4C:81:72:00:00:00 ;
F2:DB:80:00:00:00 ;Locally administered MAC address
E2:BA:C4:00:00:00 ;Locally administered MAC address
6B:0C:E3:00:00:00 ;Group address (multicast MAC address)
67:3F:65:00:00:00 ;Group address (multicast MAC address)
FA:24:DF:00:00:00 ;Locally administered MAC address
FB:16:85:00:00:00 ;Group address (multicast MAC address)
5A:30:3B:00:00:00 ;Locally administered MAC address
32:A7:66:00:00:00 ;Locally administered MAC address
46:7F:FD:00:00:00 ;Locally administered MAC address
03:94:2F:00:00:00 ;Group address (multicast MAC address)
4F:FF:CA:00:00:00 ;Group address (multicast MAC address)
FF:9D:E8:00:00:00 ;Group address (multicast MAC address)
ED:12:9D:00:00:00 ;Group address (multicast MAC address)
58:BD:9D:00:00:00 ;
56:95:15:00:00:00 ;Locally administered MAC address
71:84:CB:00:00:00 ;Group address (multicast MAC address)
5F:0C:36:00:00:00 ;Group address (multicast MAC address)
C2:52:51:00:00:00 ;Locally administered MAC address
74:C2:9D:00:00:00 ;
45:D9:61:00:00:00 ;Group address (multicast MAC address)
D3:B0:56:00:00:00 ;Group address (multicast MAC address)
75:D3:45:00:00:00 ;Group address (multicast MAC address)
77:2F:B2:00:00:00 ;Group address (multicast MAC address)
D5:E9:6B:00:00:00 ;Group address (multicast MAC address)
38:E3:1F:00:00:00 ;
78:74:46:00:00:00 ;
46:F6:ED:00:00:00 ;Locally administered MAC address
E7:28:67:00:00:00 ;Group address (multicast MAC address)
F2:2F:AF:00:00:00 ;Locally administered MAC address
40:6B:72:00:00:00 ;
DC:E4:B2:00:00:00 ;
59:84:87:00:00:00 ;Group address (multicast MAC address)
CF:1A:90:00:00:00 ;Group address (multicast MAC address)
7B:2D:AE:00:00:00 ;Group address (multicast MAC address)
0B:9C:E2:00:00:00 ;Group address (multicast MAC address)
C2:CC:27:00:00:00 ;Locally administered MAC address
40:16:9C:00:00:00 ;
3C:A6:F6:00:00:00 ;Apple, Inc. 
07:B5:A7:00:00:00 ;Group address (multicast MAC address)
42:C7:07:00:00:00 ;Locally administered MAC address
5F:CA:0D:00:00:00 ;Group address (multicast MAC address)
D5:8D:B5:00:00:00 ;Group address (multicast MAC address)
79:59:CC:00:00:00 ;Group address (multicast MAC address)
4C:50:5C:00:00:00 ;
7A:14:71:00:00:00 ;Locally administered MAC address
51:53:3F:00:00:00 ;Group address (multicast MAC address)
53:46:07:00:00:00 ;Group address (multicast MAC address)
1A:38:7F:00:00:00 ;Locally administered MAC address
E7:57:FD:00:00:00 ;Group address (multicast MAC address)
DD:5C:1B:00:00:00 ;Group address (multicast MAC address)
FA:63:28:00:00:00 ;Locally administered MAC address
50:63:C2:00:00:00 ;
72:D2:FE:00:00:00 ;Locally administered MAC address
C6:F2:67:00:00:00 ;Locally administered MAC address
56:00:0F:00:00:00 ;Locally administered MAC address
44:29:CC:00:00:00 ;
7C:1F:66:00:00:00 ;
F7:6C:AE:00:00:00 ;Group address (multicast MAC address)
4F:71:A7:00:00:00 ;Group address (multicast MAC address)
C3:52:97:00:00:00 ;Group address (multicast MAC address)
5B:72:BE:00:00:00 ;Group address (multicast MAC address)
F4:5D:D1:00:00:00 ;
6A:EA:30:00:00:00 ;Locally administered MAC address
58:7B:54:00:00:00 ;
7A:6C:C7:00:00:00 ;Locally administered MAC address
D8:1B:D0:00:00:00 ;
C7:02:80:00:00:00 ;Group address (multicast MAC address)
59:F6:F1:00:00:00 ;Group address (multicast MAC address)
54:42:64:00:00:00 ;
41:22:71:00:00:00 ;Group address (multicast MAC address)
53:77:44:00:00:00 ;Group address (multicast MAC address)
0E:FA:3D:00:00:00 ;Locally administered MAC address
77:04:3C:00:00:00 ;Group address (multicast MAC address)
FB:D2:F5:00:00:00 ;Group address (multicast MAC address)
FD:44:36:00:00:00 ;Group address (multicast MAC address)
76:FB:1C:00:00:00 ;Locally administered MAC address
52:3C:84:00:00:00 ;Locally administered MAC address
72:11:AC:00:00:00 ;Locally administered MAC address
77:20:FB:00:00:00 ;Group address (multicast MAC address)
41:88:2A:00:00:00 ;Group address (multicast MAC address)
4B:A7:8B:00:00:00 ;Group address (multicast MAC address)
0E:3F:B4:00:00:00 ;Locally administered MAC address
58:D2:D7:00:00:00 ;
3B:C1:1C:00:00:00 ;Group address (multicast MAC address)
5D:CC:BA:00:00:00 ;Group address (multicast MAC address)
D4:21:78:00:00:00 ;
5A:34:49:00:00:00 ;Locally administered MAC address
D4:70:02:00:00:00 ;
79:1F:D8:00:00:00 ;Group address (multicast MAC address)
73:E9:D1:00:00:00 ;Group address (multicast MAC address)
44:F4:A8:00:00:00 ;
E1:F9:5A:00:00:00 ;Group address (multicast MAC address)
F9:60:C1:00:00:00 ;Group address (multicast MAC address)
D5:F2:39:00:00:00 ;Group address (multicast MAC address)
51:78:AF:00:00:00 ;Group address (multicast MAC address)
C3:7E:2A:00:00:00 ;Group address (multicast MAC address)
5C:8A:89:00:00:00 ;
60:C1:A8:00:00:00 ;
63:A2:82:00:00:00 ;Group address (multicast MAC address)
7D:65:14:00:00:00 ;Group address (multicast MAC address)
24:42:3D:00:00:00 ;
4F:29:80:00:00:00 ;Group address (multicast MAC address)
4E:5B:BD:00:00:00 ;Locally administered MAC address
77:A2:11:00:00:00 ;Group address (multicast MAC address)
C3:64:1B:00:00:00 ;Group address (multicast MAC address)
75:11:69:00:00:00 ;Group address (multicast MAC address)
C3:05:DE:00:00:00 ;Group address (multicast MAC address)
D4:49:D3:00:00:00 ;
E5:56:92:00:00:00 ;Group address (multicast MAC address)
74:C0:77:00:00:00 ;
60:BA:43:00:00:00 ;
D0:AE:AF:00:00:00 ;
E3:D1:58:00:00:00 ;Group address (multicast MAC address)
45:B3:AC:00:00:00 ;Group address (multicast MAC address)
6E:D2:79:00:00:00 ;Locally administered MAC address
C5:CB:05:00:00:00 ;Group address (multicast MAC address)
67:01:99:00:00:00 ;Group address (multicast MAC address)
E7:4D:95:00:00:00 ;Group address (multicast MAC address)
61:C4:B2:00:00:00 ;Group address (multicast MAC address)
73:78:81:00:00:00 ;Group address (multicast MAC address)
46:2D:11:00:00:00 ;Locally administered MAC address
2D:F6:4D:00:00:00 ;Group address (multicast MAC address)
75:18:46:00:00:00 ;Group address (multicast MAC address)
50:CE:88:00:00:00 ;
47:98:84:00:00:00 ;Group address (multicast MAC address)
54:E8:9A:00:00:00 ;
63:3C:BB:00:00:00 ;Group address (multicast MAC address)
50:45:4F:00:00:00 ;
EA:F1:8F:00:00:00 ;Locally administered MAC address
4F:70:2D:00:00:00 ;Group address (multicast MAC address)
CD:3B:41:00:00:00 ;Group address (multicast MAC address)
FC:61:85:00:00:00 ;
46:12:1A:00:00:00 ;Locally administered MAC address
62:88:68:00:00:00 ;Locally administered MAC address
57:83:6B:00:00:00 ;Group address (multicast MAC address)
64:F0:12:00:00:00 ;
5A:1C:70:00:00:00 ;Locally administered MAC address
04:24:ED:00:00:00 ;
4B:7B:06:00:00:00 ;Group address (multicast MAC address)
62:4F:72:00:00:00 ;Locally administered MAC address
2E:CB:C9:00:00:00 ;Locally administered MAC address
5A:C8:A2:00:00:00 ;Locally administered MAC address
6B:31:21:00:00:00 ;Group address (multicast MAC address)
D3:95:86:00:00:00 ;Group address (multicast MAC address)
CE:24:E6:00:00:00 ;Locally administered MAC address
60:FF:6D:00:00:00 ;
40:D2:E8:00:00:00 ;
42:9F:44:00:00:00 ;Locally administered MAC address
66:2F:B9:00:00:00 ;Locally administered MAC address
02:62:3D:00:00:00 ;Locally administered MAC address
7A:0E:30:00:00:00 ;Locally administered MAC address
4C:33:91:00:00:00 ;
3D:9D:98:00:00:00 ;Group address (multicast MAC address)
E9:E4:81:00:00:00 ;Group address (multicast MAC address)
5E:17:DA:00:00:00 ;Locally administered MAC address
5C:BA:E1:00:00:00 ;
74:7D:49:00:00:00 ;
20:57:CA:00:00:00 ;
6E:E6:96:00:00:00 ;Locally administered MAC address
0F:67:AC:00:00:00 ;Group address (multicast MAC address)
5F:5F:C8:00:00:00 ;Group address (multicast MAC address)
E7:41:B4:00:00:00 ;Group address (multicast MAC address)
40:4D:18:00:00:00 ;
DD:01:C0:00:00:00 ;Group address (multicast MAC address)
6D:9D:D9:00:00:00 ;Group address (multicast MAC address)
77:27:EA:00:00:00 ;Group address (multicast MAC address)
C1:11:03:00:00:00 ;Group address (multicast MAC address)
53:2A:EC:00:00:00 ;Group address (multicast MAC address)
6A:FB:A9:00:00:00 ;Locally administered MAC address
7A:7E:98:00:00:00 ;Locally administered MAC address
4D:3B:C0:00:00:00 ;Group address (multicast MAC address)
C6:64:A4:00:00:00 ;Locally administered MAC address
46:C6:FA:00:00:00 ;Locally administered MAC address
4D:99:9C:00:00:00 ;Group address (multicast MAC address)
68:5A:B4:00:00:00 ;
F1:E0:12:00:00:00 ;Group address (multicast MAC address)
C4:89:37:00:00:00 ;
EB:53:FB:00:00:00 ;Group address (multicast MAC address)
50:8B:73:00:00:00 ;
67:20:32:00:00:00 ;Group address (multicast MAC address)
61:51:EE:00:00:00 ;Group address (multicast MAC address)
79:46:C7:00:00:00 ;Group address (multicast MAC address)
56:D3:6D:00:00:00 ;Locally administered MAC address
4C:4A:E6:00:00:00 ;
C1:7A:7C:00:00:00 ;Group address (multicast MAC address)
05:E9:23:00:00:00 ;Group address (multicast MAC address)
76:A1:F0:00:00:00 ;Locally administered MAC address
41:A9:19:00:00:00 ;Group address (multicast MAC address)
55:4E:6B:00:00:00 ;Group address (multicast MAC address)
6C:F7:26:00:00:00 ;
46:F4:F6:00:00:00 ;Locally administered MAC address
10:55:BB:00:00:00 ;
02:7B:77:00:00:00 ;Locally administered MAC address
DE:AF:D0:00:00:00 ;Locally administered MAC address
ED:DF:1C:00:00:00 ;Group address (multicast MAC address)
EB:9B:3A:00:00:00 ;Group address (multicast MAC address)
FE:7D:FD:00:00:00 ;Locally administered MAC address
DC:AD:E5:00:00:00 ;
CA:4B:B4:00:00:00 ;Locally administered MAC address
7C:C8:53:00:00:00 ;
53:AF:58:00:00:00 ;Group address (multicast MAC address)
DC:60:E0:00:00:00 ;
60:1B:26:00:00:00 ;
70:F7:C0:00:00:00 ;
04:29:2E:00:00:00 ;Samsung Electronics Co.,Ltd 
D2:6E:74:00:00:00 ;Locally administered MAC address
D0:81:16:00:00:00 ;
42:15:04:00:00:00 ;Locally administered MAC address
4B:75:86:00:00:00 ;Group address (multicast MAC address)
64:CB:E9:00:00:00 ;LG Innotek 
F5:3A:61:00:00:00 ;Group address (multicast MAC address)
A0:9E:1A:00:00:00 ;Polar Electro Oy 
79:C9:6B:00:00:00 ;Group address (multicast MAC address)
73:82:68:00:00:00 ;Group address (multicast MAC address)
51:E6:5C:00:00:00 ;Group address (multicast MAC address)
60:AA:77:00:00:00 ;
7A:BC:0D:00:00:00 ;Locally administered MAC address
6E:8F:89:00:00:00 ;Locally administered MAC address
DB:C9:5D:00:00:00 ;Group address (multicast MAC address)
DE:4B:2B:00:00:00 ;Locally administered MAC address
E5:5E:63:00:00:00 ;Group address (multicast MAC address)
CE:B6:40:00:00:00 ;Locally administered MAC address
D8:4B:44:00:00:00 ;
D5:99:2F:00:00:00 ;Group address (multicast MAC address)
F7:6C:0E:00:00:00 ;Group address (multicast MAC address)
0C:19:28:00:00:00 ;
CB:CD:B4:00:00:00 ;Group address (multicast MAC address)
ED:A9:AE:00:00:00 ;Group address (multicast MAC address)
F6:EA:BD:00:00:00 ;Locally administered MAC address
F8:1D:93:00:00:00 ;Longdhua(Beijing) Controls Technology Co.,Ltd 
C7:36:5B:00:00:00 ;Group address (multicast MAC address)
46:4C:76:00:00:00 ;Locally administered MAC address
E5:6E:86:00:00:00 ;Group address (multicast MAC address)
C7:7D:72:00:00:00 ;Group address (multicast MAC address)
E8:33:B9:00:00:00 ;
E1:D5:2E:00:00:00 ;Group address (multicast MAC address)
D2:16:3F:00:00:00 ;Locally administered MAC address
D0:A1:C2:00:00:00 ;
E9:48:42:00:00:00 ;Group address (multicast MAC address)
FC:32:B8:00:00:00 ;
49:99:61:00:00:00 ;Group address (multicast MAC address)
DC:68:6E:00:00:00 ;
C8:E5:72:00:00:00 ;
6C:83:7D:00:00:00 ;
70:3E:5F:00:00:00 ;
D9:8A:F0:00:00:00 ;Group address (multicast MAC address)
6E:BE:1A:00:00:00 ;Locally administered MAC address
3A:72:DC:00:00:00 ;Locally administered MAC address
71:75:29:00:00:00 ;Group address (multicast MAC address)
59:19:FA:00:00:00 ;Group address (multicast MAC address)
EC:1A:F7:00:00:00 ;
CD:0E:16:00:00:00 ;Group address (multicast MAC address)
74:98:57:00:00:00 ;
E3:1C:FA:00:00:00 ;Group address (multicast MAC address)
E3:D8:C8:00:00:00 ;Group address (multicast MAC address)
55:BB:E7:00:00:00 ;Group address (multicast MAC address)
D9:B8:07:00:00:00 ;Group address (multicast MAC address)
47:79:FA:00:00:00 ;Group address (multicast MAC address)
52:F1:CE:00:00:00 ;Locally administered MAC address
4A:43:1E:00:00:00 ;Locally administered MAC address
DA:D4:DC:00:00:00 ;Locally administered MAC address
77:51:EE:00:00:00 ;Group address (multicast MAC address)
F5:B2:39:00:00:00 ;Group address (multicast MAC address)
FC:03:9F:00:00:00 ;Samsung Electronics Co.,Ltd 
00:C3:F4:00:00:00 ;Samsung Electronics Co.,Ltd 
74:A0:9C:00:00:00 ;
44:73:D6:00:00:00 ;Logitech 
48:01:C5:00:00:00 ;OnePlus Technology (Shenzhen) Co., Ltd 
C2:76:B6:00:00:00 ;Locally administered MAC address
76:CB:F1:00:00:00 ;Locally administered MAC address
48:F3:9E:00:00:00 ;
6B:11:FB:00:00:00 ;Group address (multicast MAC address)
66:91:A8:00:00:00 ;Locally administered MAC address
6F:20:93:00:00:00 ;Group address (multicast MAC address)
69:31:FA:00:00:00 ;Group address (multicast MAC address)
77:AC:BC:00:00:00 ;Group address (multicast MAC address)
4D:3A:D2:00:00:00 ;Group address (multicast MAC address)
D9:27:64:00:00:00 ;Group address (multicast MAC address)
75:CB:61:00:00:00 ;Group address (multicast MAC address)
7D:2B:49:00:00:00 ;Group address (multicast MAC address)
4C:22:CE:00:00:00 ;
5D:9C:C3:00:00:00 ;Group address (multicast MAC address)
48:27:A8:00:00:00 ;
51:9C:76:00:00:00 ;Group address (multicast MAC address)
CA:FA:77:00:00:00 ;Locally administered MAC address
45:47:50:00:00:00 ;Group address (multicast MAC address)
7E:E8:C4:00:00:00 ;Locally administered MAC address
40:0A:56:00:00:00 ;
1D:AD:26:00:00:00 ;Group address (multicast MAC address)
44:E8:3B:00:00:00 ;
43:96:30:00:00:00 ;Group address (multicast MAC address)
DD:45:E3:00:00:00 ;Group address (multicast MAC address)
67:12:74:00:00:00 ;Group address (multicast MAC address)
FE:D8:1F:00:00:00 ;Locally administered MAC address
E8:DB:22:00:00:00 ;
C6:4B:77:00:00:00 ;Locally administered MAC address
F3:67:9E:00:00:00 ;Group address (multicast MAC address)
D2:6E:38:00:00:00 ;Locally administered MAC address
F3:41:64:00:00:00 ;Group address (multicast MAC address)
CD:CA:F0:00:00:00 ;Group address (multicast MAC address)
74:D4:4E:00:00:00 ;
0B:AB:BB:00:00:00 ;Group address (multicast MAC address)
76:73:37:00:00:00 ;Locally administered MAC address
E3:B3:08:00:00:00 ;Group address (multicast MAC address)
64:50:84:00:00:00 ;
51:CA:51:00:00:00 ;Group address (multicast MAC address)
E2:4D:31:00:00:00 ;Locally administered MAC address
25:4D:04:00:00:00 ;Group address (multicast MAC address)
CF:70:1F:00:00:00 ;Group address (multicast MAC address)
D0:9F:53:00:00:00 ;
6E:0E:12:00:00:00 ;Locally administered MAC address
CA:9B:D9:00:00:00 ;Locally administered MAC address
D4:10:D5:00:00:00 ;
63:03:A4:00:00:00 ;Group address (multicast MAC address)
EB:EF:7E:00:00:00 ;Group address (multicast MAC address)
7D:D1:1B:00:00:00 ;Group address (multicast MAC address)
D4:FC:9B:00:00:00 ;
5A:F8:45:00:00:00 ;Locally administered MAC address
7E:55:BC:00:00:00 ;Locally administered MAC address
ED:4A:0E:00:00:00 ;Group address (multicast MAC address)
21:12:B8:00:00:00 ;Group address (multicast MAC address)
58:AD:6A:00:00:00 ;
59:10:AF:00:00:00 ;Group address (multicast MAC address)
71:D1:82:00:00:00 ;Group address (multicast MAC address)
77:98:17:00:00:00 ;Group address (multicast MAC address)
0F:9B:36:00:00:00 ;Group address (multicast MAC address)
04:DD:B8:00:00:00 ;
7B:3E:50:00:00:00 ;Group address (multicast MAC address)
C3:9D:19:00:00:00 ;Group address (multicast MAC address)
5C:7E:8D:00:00:00 ;
44:8E:50:00:00:00 ;
6A:51:FA:00:00:00 ;Locally administered MAC address
55:4C:6E:00:00:00 ;Group address (multicast MAC address)
6C:DF:8E:00:00:00 ;
EC:61:56:00:00:00 ;
57:44:CA:00:00:00 ;Group address (multicast MAC address)
17:EF:02:00:00:00 ;Group address (multicast MAC address)
4E:98:AC:00:00:00 ;Locally administered MAC address
1B:D1:B2:00:00:00 ;Group address (multicast MAC address)
70:C7:6A:00:00:00 ;
56:42:83:00:00:00 ;Locally administered MAC address
2E:20:77:00:00:00 ;Locally administered MAC address
D0:88:0C:00:00:00 ;Apple, Inc. 
46:65:10:00:00:00 ;Locally administered MAC address
52:7F:B9:00:00:00 ;Locally administered MAC address
77:B0:59:00:00:00 ;Group address (multicast MAC address)
CC:A5:01:00:00:00 ;
5D:A5:A5:00:00:00 ;Group address (multicast MAC address)
51:59:3B:00:00:00 ;Group address (multicast MAC address)
D9:4B:41:00:00:00 ;Group address (multicast MAC address)
CE:43:7C:00:00:00 ;Locally administered MAC address
4B:C2:10:00:00:00 ;Group address (multicast MAC address)
79:C4:D0:00:00:00 ;Group address (multicast MAC address)
60:65:DE:00:00:00 ;
64:CC:1A:00:00:00 ;
65:2A:27:00:00:00 ;Group address (multicast MAC address)
17:32:42:00:00:00 ;Group address (multicast MAC address)
42:67:17:00:00:00 ;Locally administered MAC address
D7:B3:75:00:00:00 ;Group address (multicast MAC address)
5C:3B:E9:00:00:00 ;
4B:B2:DD:00:00:00 ;Group address (multicast MAC address)
18:21:F2:00:00:00 ;
4E:3F:22:00:00:00 ;Locally administered MAC address
